ID,Traject,Status,Datum advies,Type advies,Geneesmiddel,Indicatie,Uitkomst advies,Titel,URL,Status extractie,Registratiehouder
INT-149,intramuraal,Lopend,,Initieel,teprotumumab (Tepezza®),de oogziekte van Graves,,Advies - wel of niet vergoeden teprotumumab (Tepezza®) voor de behandeling van de oogziekte van Graves,https://www.zorginstituutnederland.nl/werkagenda/bloed-en-immuunsysteem/pakketadvies-sluisgeneesmiddel-teprotumumab-tepezza-voor-de-oogziekte-van-graves,Index,
INT-150,intramuraal,Lopend,,Initieel,amivantamab (Rybrevant®) in combinatie met chemotherapie,gevorderde niet-kleincellige longkanker,,Advies - wel of niet vergoeden amivantamab (Rybrevant®) in combinatie met chemotherapie voor de behandeling van gevorderde niet-kleincellige longkanker,https://www.zorginstituutnederland.nl/werkagenda/kanker/pakketadvies-sluisgeneesmiddel-amivantamab-rybrevant-in-combinatie-met-chemotherapie-voor-de-behandeling-van-gevorderde-niet-kleincellige-longkanker,Index,
INT-151,intramuraal,Lopend,,Initieel,ciltacabtagene autoleucel (Carvykti®),multipel myeloom vanaf de tweede behandellijn,,Advies - wel of niet vergoeden ciltacabtagene autoleucel (Carvykti®) voor de behandeling van multipel myeloom vanaf de tweede behandellijn,https://www.zorginstituutnederland.nl/werkagenda/kanker/pakketadvies-sluisgeneesmiddel-ciltacabtagene-autoleucel-carvykti-bij-multipel-myeloom,Index,
INT-152,intramuraal,Lopend,,Initieel,durvalumab (Imfinzi®),spierinvasieve blaaskanker,,Advies - wel of niet vergoeden durvalumab (Imfinzi®) voor de behandeling van spierinvasieve blaaskanker,https://www.zorginstituutnederland.nl/werkagenda/kanker/pakketadvies-sluisgeneesmiddel-durvalumab-imfinzi-bij-spierinvasieve-blaaskanker,Index,
INT-153,intramuraal,Afgerond advies,2026-09-14,Initieel,inavolisib (Itovebi®) in combinatie met palbociclib en fulvestrant,borstkanker,Alleen vergoeden na prijsdaling,Advies - alleen vergoeden na prijsdaling inavolisib (Itovebi®) in combinatie met palbociclib en fulvestrant voor de behandeling van borstkanker,https://www.zorginstituutnederland.nl/documenten/2026/09/14/pakketadvies-sluisgeneesmiddel-inavolisib-itovebi-in-combinatie-met-palbociclib-en-fulvestrant-voor-de-behandeling-van-borstkanker,Argumenten volledig,Roche
INT-154,intramuraal,Lopend,,Herbeoordeling,osimertinib (Tagrisso®),lokaal gevorderde niet-kleincellige longkanker,,Advies - herbeoordeling kosteneffectiviteit osimertinib (Tagrisso®) voor de behandeling van lokaal gevorderde niet-kleincellige longkanker (herbeoordeling),https://www.zorginstituutnederland.nl/werkagenda/kanker/pakketadvies-sluisgeneesmiddel-osimertinib-tagrisso-bij-lokaal-gevorderde-niet-kleincellige-longkanker-herbeoordeling,Index,
INT-155,intramuraal,Lopend,,Initieel,pirtobrutinib (Jaypirca®),een bepaalde vorm van bloedkanker,,Advies - wel of niet vergoeden pirtobrutinib (Jaypirca®) voor de behandeling van een bepaalde vorm van bloedkanker,https://www.zorginstituutnederland.nl/werkagenda/kanker/pakketadvies-sluisgeneesmiddel-pirobrutinib-jaypirca-bij-chronische-lymfatische-leukemie-cll,Index,
INT-156,intramuraal,Lopend,,Initieel,tafasitamab (Minjuvi®),recidiverend of refractair folliculair lymfoom,,Advies - wel of niet vergoeden tafasitamab (Minjuvi®) voor de behandeling van recidiverend of refractair folliculair lymfoom,https://www.zorginstituutnederland.nl/werkagenda/kanker/pakketadvies-sluisgeneesmiddel-tafasitamab-minjuvi-voor-de-behandeling-van-recidiverend-of-refractair-folliculair-lymfoom,Index,
INT-157,intramuraal,Lopend,,Initieel,trastuzumab-deruxtecan (Enhertu®),niet-kleincellige longkanker met HER2-mutatie,,Advies - wel of niet vergoeden trastuzumab-deruxtecan (Enhertu®) voor de behandeling van niet-kleincellige longkanker met HER2-mutatie,https://www.zorginstituutnederland.nl/werkagenda/kanker/pakketadvies-sluisgeneesmiddel-trastuzumab-deruxtecan-enhertu-voor-de-behandeling-van-niet-kleincellige-longkanker-met-her2-mutatie,Index,
INT-158,intramuraal,Lopend,,Initieel,zanubrutinib (Brukinsa®),lymfeklierkanker,,Advies - wel of niet vergoeden zanubrutinib (Brukinsa®) voor de behandeling van lymfeklierkanker,https://www.zorginstituutnederland.nl/werkagenda/kanker/pakketadvies-sluisgeneesmiddel-zanubrutinib-brukinsa-voor-de-behandeling-van-lymfeklierkanker,Index,
INT-159,intramuraal,Lopend,,Initieel,guselkumab (Tremfya®),plaque psoriasis,,Advies - wel of niet vergoeden guselkumab (Tremfya®) voor de behandeling van plaque psoriasis,https://www.zorginstituutnederland.nl/werkagenda/zintuigen-huid-en-haar/pakketadvies-sluisgeneesmiddel-guselkumab-tremfya-voor-de-behandeling-van-plaque-psoriasis,Index,
INT-147,intramuraal,Afgerond advies,2026-08-26,Initieel,lisocabtagene maraleucel (Breyanzi®),recidiverend of refractair folliculair lymfoom,Alleen vergoeden na prijsdaling,Advies - alleen vergoeden na prijsdaling lisocabtagene maraleucel (Breyanzi®) voor de behandeling van recidiverend of refractair folliculair lymfoom,https://www.zorginstituutnederland.nl/documenten/2026/08/26/pakketadvies-sluisgeneesmiddel-pakketadvies-sluisgeneesmiddel-lisocabtagene-maraleucel-breyanzi-voor-folliculair-lymfoom,Argumenten volledig,Bristol Myers Squibb
INT-148,intramuraal,Afgerond advies,2026-08-26,Initieel,belzutifan (Welireg®),de ziekte van Von Hippel-Lindau,Alleen vergoeden na prijsdaling,Advies - alleen vergoeden na prijsdaling belzutifan (Welireg®) voor de behandeling van de ziekte van Von Hippel-Lindau,https://www.zorginstituutnederland.nl/documenten/2026/08/26/pakketadvies-sluisgeneesmiddel-belzutifan-welireg-voor-de-ziekte-van-von-hippel-lindau,Argumenten volledig,MSD
INT-146,intramuraal,Afgerond advies,2026-07-29,Indicatie-uitbreiding,"isatuximab (Sarclisa®) i.c.m. bortezomib, lenalidomide en dexamethason (IsaVRd)",multipel myeloom,Alleen vergoeden na prijsdaling,"Advies - vergoed isatuximab (Sarclisa®) i.c.m. bortezomib, lenalidomide en dexamethason (IsaVRd) voor de behandeling van multipel myeloom",https://www.zorginstituutnederland.nl/documenten/2026/07/29/pakketadvies-sluisgeneesmiddel-isatuximab-sarclisa-i.c.m.-bortezomib-lenalidomide-en-dexamethason-isavrd-als-inductietherapie-voor-nieuw-gediagnosticeerd-multipel-myeloom-mm,Argumenten volledig,Sanofi
INT-145,intramuraal,Afgerond advies,2026-07-28,Indicatie-uitbreiding,ipilimumab (Yervoy®) i.c.m. nivolumab (Opdivo®),peritoneaal mesothelioom,Vergoeden,Advies - vergoed ipilimumab (Yervoy®) i.c.m. nivolumab (Opdivo®) voor peritoneaal mesothelioom,https://www.zorginstituutnederland.nl/documenten/2026/07/28/pakketadvies-sluisgeneesmiddel-ipilimumab-yervoy-in-combinatie-met-nivolumab-opdivo-bij-patienten-met-maligne-peritoneaal-mesothelioom,Argumenten volledig,Bristol Myers Squibb
INT-144,intramuraal,Afgerond advies,2026-07-17,Indicatie-uitbreiding,darolutamide (Nubeqa®) i.c.m. hormoontherapie (ADT),uitgezaaide prostaatkanker,Niet vergoeden,Advies - niet vergoeden darolutamide (Nubeqa®) i.c.m. hormoontherapie (ADT) voor de behandeling van uitgezaaide prostaatkanker,https://www.zorginstituutnederland.nl/documenten/2026/07/17/pakketadvies-sluisgeneesmiddel-darolutamide-nubeqa-in-combinatie-met-hormoontherapie-adt-voor-de-behandeling-van-uitgezaaide-prostaatkanker,Argumenten volledig,Bayer
INT-143,intramuraal,Afgerond advies,2026-07-16,Indicatie-uitbreiding,durvalumab (Imfinzi®),beperkt stadium kleincellige longkanker,Alleen vergoeden na prijsdaling,Advies - vergoed durvalumab (Imfinzi®) voor de behandeling van beperkt stadium kleincellige longkanker,https://www.zorginstituutnederland.nl/documenten/2026/07/16/pakketadvies-durvalumab-imfinzi-voor-de-behandeling-van-beperkt-stadium-kleincellige-longkanker,Argumenten volledig,AstraZeneca
INT-142,intramuraal,Afgerond advies,2026-07-14,Initieel,acalabrutinib (Calquence®),lymfeklierkanker,Alleen vergoeden na prijsdaling,Advies - alleen vergoeden na prijsdaling acalabrutinib (Calquence®) voor de behandeling van lymfeklierkanker,https://www.zorginstituutnederland.nl/documenten/2026/07/14/pakketadvies-sluisgeneesmiddel-acalabrutinib-calquence-voor-mantelcellymfoom,Argumenten volledig,AstraZeneca
INT-141,intramuraal,Afgerond advies,2026-07-09,Initieel,amivantamab (Rybrevant®) in combinatie met lazertinib (Lazcluze®),gevorderde niet-kleincellige longkanker,Alleen vergoeden na prijsdaling,Advies - alleen vergoeden na prijsdaling amivantamab (Rybrevant®) in combinatie met lazertinib (Lazcluze®) voor de behandeling van gevorderde niet-kleincellige longkanker,https://www.zorginstituutnederland.nl/documenten/2026/07/09/pakketadvies-amivantamab-rybrevant-icm-lazertinib-lazcluze-voor-gevorderde-niet-kleincellige-longkanker,Argumenten volledig,Janssen
INT-140,intramuraal,Afgerond advies,2026-06-30,Initieel,belantamab mafodotin (Blenrep®) in combinatie met bortezomib en dexamethason,multipel myeloom,Alleen vergoeden na prijsdaling,Advies - alleen vergoeden na prijsdaling belantamab mafodotin (Blenrep®) in combinatie met bortezomib en dexamethason voor de behandeling van multipel myeloom,https://www.zorginstituutnederland.nl/documenten/2026/06/30/pakketadvies-sluisgeneesmiddel-belantamab-mafodotin-blenrep-voor-de-behandeling-van-multipel-myeloom,Argumenten volledig,GSK
INT-137,intramuraal,Afgerond advies,2026-05-27,Herbeoordeling,brexucabtagene autoleucel (Tecartus®),acute lymfatische leukemie (ALL),Alleen vergoeden na prijsdaling,Advies - alleen vergoeden na prijsdaling brexucabtagene autoleucel (Tecartus®) voor de behandeling van acute lymfatische leukemie (ALL) (herbeoordeling),https://www.zorginstituutnederland.nl/documenten/2026/05/27/pakketadvies-sluisgeneesmiddel-brexucabtagene-autoleucel-tecartus-voor-de-behandeling-van-acute-lymfatische-leukemie-all,Argumenten volledig,Kite / Gilead
INT-138,intramuraal,Afgerond advies,2026-05-27,Herbeoordeling,ciltacabtagene autoleucel (Carvykti®),multipel myeloom,Alleen vergoeden na prijsdaling,Advies - alleen vergoeden na prijsdaling ciltacabtagene autoleucel (Carvykti®) voor de behandeling van multipel myeloom (herbeoordeling),https://www.zorginstituutnederland.nl/documenten/2026/05/27/pakketadvies-sluisgeneesmiddel-cilta-cel-carvykti-bij-multipel-myeloom-herbeoordeling,Argumenten volledig,Janssen
INT-139,intramuraal,Afgerond advies,2026-05-27,Indicatie-uitbreiding,durvalumab (Imfinzi®) in combinatie met tremelimumab (Imjudo®),leverkanker,Alleen vergoeden na prijsdaling,Advies - alleen vergoeden na prijsdaling durvalumab (Imfinzi®) in combinatie met tremelimumab (Imjudo®) voor de behandeling van leverkanker,https://www.zorginstituutnederland.nl/documenten/2026/05/27/pakketadvies-sluisgeneesmiddel-durvalumab-imfinzi-in-combinatie-met-tremelimumab-imjudo-voor-de-behandeling-van-leverkanker,Argumenten volledig,AstraZeneca
INT-135,intramuraal,Afgerond advies,2026-05-13,Indicatie-uitbreiding,trastuzumab-deruxtecan (Enhertu®),gevorderde of uitgezaaide maagkanker,Alleen vergoeden na prijsdaling,Advies - alleen vergoeden na prijsdaling trastuzumab-deruxtecan (Enhertu®) voor de behandeling van gevorderde of uitgezaaide maagkanker,https://www.zorginstituutnederland.nl/documenten/2026/05/13/pakketadvies-sluisgeneesmiddel-trastuzumab-deruxtecan-enhertu-voor-de-behandeling-van-gevorderde-of-uitgezaaide-maagkanker,Argumenten volledig,Daiichi Sankyo / AstraZeneca
INT-136,intramuraal,Afgerond advies,2026-05-13,Indicatie-uitbreiding,isatuximab (Sarclisa®),multipel myeloom,Alleen vergoeden na prijsdaling,Advies - vergoed isatuximab (Sarclisa®) voor de behandeling van multipel myeloom,https://www.zorginstituutnederland.nl/documenten/2026/05/13/pakketadvies-sluisgeneesmiddel-isatuximab-sarclisa-bij-multipel-myeloom,Argumenten volledig,Sanofi
INT-134,intramuraal,Afgerond advies,2026-05-12,Indicatie-uitbreiding,durvalumab (Imfinzi®) in combinatie met carboplatine of cisplatine en etoposide,kleincellige longkanker,Alleen vergoeden na prijsdaling,Advies - alleen vergoeden na prijsdaling durvalumab (Imfinzi®) in combinatie met carboplatine of cisplatine en etoposide voor de behandeling van kleincellige longkanker,https://www.zorginstituutnederland.nl/documenten/2026/05/12/pakketadvies-sluisgeneesmiddel-durvalumab-imfinzi-in-combinatie-met-carboplatine-of-cisplatine-en-etoposide-voor-kleincellige-longkanker,Argumenten volledig,AstraZeneca
INT-133,intramuraal,Afgerond advies,2026-04-28,Initieel,serplulimab (Hetronifly®),bepaalde patiënten met kleincellige longkanker,Alleen vergoeden na prijsdaling,Advies - alleen vergoeden na prijsdaling serplulimab (Hetronifly®) voor de behandeling van bepaalde patiënten met kleincellige longkanker,https://www.zorginstituutnederland.nl/documenten/2026/04/28/pakketadvies-sluisgeneesmiddel-serplulimab-hetronifly-voor-de-behandeling-van-bepaalde-patienten-met-kleincellige-longkanker,Argumenten volledig,Henlius / Accord
INT-131,intramuraal,Afgerond advies,2026-04-15,Herbeoordeling,venetoclax (Venclyxto®) met obinutuzumab,niet eerder behandelde chronische lymfatische leukemie,Alleen vergoeden na prijsdaling,Advies - alleen vergoeden na prijsdaling venetoclax (Venclyxto®) met obinutuzumab voor de behandeling van niet eerder behandelde chronische lymfatische leukemie,https://www.zorginstituutnederland.nl/documenten/2026/04/15/pakketadvies-sluisgeneesmiddel-venetoclax-venclyxto-voor-de-behandeling-van-niet-eerder-behandelde-chronische-lymfatische-leukemie,Argumenten volledig,AbbVie
INT-132,intramuraal,Afgerond advies,2026-04-15,Indicatie-uitbreiding,osimertinib (Tagrisso®) in combinatie met pemetrexed en chemotherapie,gevorderd niet-kleincellige longkanker,Alleen vergoeden na prijsdaling,Advies - alleen vergoeden na prijsdaling osimertinib (Tagrisso®) in combinatie met pemetrexed en chemotherapie voor de behandeling van gevorderd niet-kleincellige longkanker,https://www.zorginstituutnederland.nl/documenten/2026/04/15/pakketadvies-sluisgeneesmiddel-osimertinib-tagrisso-met-pemetrexed-en-chemotherapie-voor-de-behandeling-van-gevorderd-niet-kleincellige-longkanker,Argumenten volledig,AstraZeneca
INT-130,intramuraal,Afgerond advies,2026-03-12,Indicatie-uitbreiding,ipilimumab (Yervoy®) in combinatie met nivolumab (Opdivo®),darmkanker,Alleen vergoeden na prijsdaling,Advies - vergoed ipilimumab (Yervoy®) in combinatie met nivolumab (Opdivo®) voor de behandeling van darmkanker,https://www.zorginstituutnederland.nl/documenten/2026/03/12/pakketadvies-sluisgeneesmiddel-ipilimumab-yervoy-met-nivolumab-opdivo-voor-de-behandeling-van-darmkanker,Argumenten volledig,Bristol Myers Squibb
INT-129,intramuraal,Afgerond advies,2026-02-25,Indicatie-uitbreiding,exagamglogene autotemcel (Casgevy®),ernstige sikkelcelziekte,Alleen vergoeden na prijsdaling,Advies - vergoed exagamglogene autotemcel (Casgevy®) voor de behandeling van ernstige sikkelcelziekte,https://www.zorginstituutnederland.nl/documenten/2026/02/25/pakketadvies-exagamglogene-autotemcel-casgevy-voor-de-behandeling-van-ernstige-sikkelcelziekte,Argumenten volledig,Vertex
INT-128,intramuraal,Afgerond advies,2026-02-13,Initieel,lecanemab (Leqembi ®),Alzheimer,Niet vergoeden,Advies - niet vergoeden lecanemab (Leqembi ®) voor de behandeling van Alzheimer,https://www.zorginstituutnederland.nl/documenten/2026/02/13/pakketadvies-lecanemab-leqembi--voor-de-behandeling-van-alzheimer,Argumenten volledig,Eisai / BioArctic (BioArctic; Eisai)
INT-127,intramuraal,Afgerond advies,2026-02-12,Initieel,glofitamab (Columvi®) in combinatie met gemcitabine en oxaliplatine (GemOx),lymfeklierkanker,Alleen vergoeden na prijsdaling,Advies - vergoed glofitamab (Columvi®) in combinatie met gemcitabine en oxaliplatine (GemOx) voor de behandeling van lymfeklierkanker,https://www.zorginstituutnederland.nl/documenten/2026/02/12/pakketadvies-sluisgeneesmiddel-glofitamab-columvi-voor-lymfeklierkanker,Argumenten volledig,Roche
INT-126,intramuraal,Afgerond advies,2026-02-04,Initieel,tislelizumab (Tevimbra®),niet-kleincellige longkanker,Alleen vergoeden na prijsdaling,Advies - vergoed tislelizumab (Tevimbra®) voor de behandeling van niet-kleincellige longkanker,https://www.zorginstituutnederland.nl/documenten/2026/02/04/pakketadvies-sluisgeneesmiddel-tislelizumab-tevimbra-voor-nietkleincellige-longkanker-nsclc,Argumenten volledig,BeiGene / Novartis
INT-125,intramuraal,Afgerond advies,2026-01-29,Indicatie-uitbreiding,osimertinib (Tagrisso®),lokaal gevorderde niet-kleincellige longkanker,Niet vergoeden,Advies - niet vergoeden osimertinib (Tagrisso®) voor de behandeling van lokaal gevorderde niet-kleincellige longkanker,https://www.zorginstituutnederland.nl/documenten/2026/01/29/pakketadvies-sluisgeneesmiddel-osimertinib-tagrisso-voor-de-behandeling-van-lokaal-gevorderde-niet-kleincellige-longkanker,Argumenten volledig,AstraZeneca
INT-124,intramuraal,Afgerond advies,2025-12-19,Initieel,nemolizumab (Nemluvio®),matig tot ernstige huidaandoeningen,Alleen vergoeden na prijsdaling,Advies - vergoed nemolizumab (Nemluvio®) voor de behandeling van matig tot ernstige huidaandoeningen,https://www.zorginstituutnederland.nl/documenten/2025/12/19/pakketadvies-sluisgeneesmiddel-nemolizumab-nemluvio-voor-de-behandeling-van-matig-tot-ernstige-huidaandoeningen,Argumenten volledig,Galderma
INT-123,intramuraal,Afgerond advies,2025-12-12,Indicatie-uitbreiding,upadacitinib (Rinvoq®),ontstoken bloedvaten,Niet vergoeden,Advies - niet vergoeden upadacitinib (Rinvoq®) voor de behandeling van ontstoken bloedvaten,https://www.zorginstituutnederland.nl/documenten/2025/12/12/pakketadvies-sluisgeneesmiddel-upadacitinib-rinvoq-voor-de-behandeling-van-ontstoken-bloedvaten,Argumenten volledig,AbbVie
INT-122,intramuraal,Afgerond advies,2025-12-08,Herbeoordeling,ravulizumab (Ultomiris®),de bloedziekte aHUS,Alleen vergoeden na prijsdaling,Advies - vergoed ravulizumab (Ultomiris®) voor de behandeling van de bloedziekte aHUS,https://www.zorginstituutnederland.nl/documenten/2025/12/08/pakketadvies-sluisgeneesmiddel-ravulizumab-ultomiris-bij-ahus,Argumenten volledig,Alexion (AstraZeneca)
INT-121,intramuraal,Afgerond advies,2025-10-30,Indicatie-uitbreiding,ravulizumab (Ultomiris®),een zeldzame ziekte van het zenuwstelsel (NMOSD),Alleen vergoeden na prijsdaling,Advies - vergoed ravulizumab (Ultomiris®) voor de behandeling van een zeldzame ziekte van het zenuwstelsel (NMOSD),https://www.zorginstituutnederland.nl/documenten/2025/10/30/pakketadvies-sluisgeneesmiddel-ravulizumab-ultomiris-bij-nmosd,Argumenten volledig,Alexion (AstraZeneca)
INT-120,intramuraal,Afgerond advies,2025-10-17,Herbeoordeling,ripretinib (Qinlock®),zeldzame kanker in maag of darmen,Alleen vergoeden na prijsdaling,Advies - vergoed ripretinib (Qinlock®) voor de behandeling van zeldzame kanker in maag of darmen (herbeoordeling),https://www.zorginstituutnederland.nl/documenten/2025/10/17/pakketadvies-sluisgeneesmiddel-ripretinib-qinlock-voor-gist,Argumenten volledig,Deciphera
INT-119,intramuraal,Afgerond advies,2025-10-06,Indicatie-uitbreiding,alectinib (Alecensa®),niet-kleincellige longkanker (NSCLC),Vergoeden,Advies - vergoed alectinib (Alecensa®) voor de behandeling van niet-kleincellige longkanker (NSCLC),https://www.zorginstituutnederland.nl/documenten/2025/10/06/pakketadvies-alectinib-alecensa-voor-niet-kleincellige-longkanker,Argumenten volledig,Roche
INT-118,intramuraal,Afgerond advies,2025-09-10,Indicatie-uitbreiding,enfortumab vedotin (Padcev®),blaaskanker,Alleen vergoeden na prijsdaling,Advies - vergoed enfortumab vedotin (Padcev®) voor de behandeling van blaaskanker,https://www.zorginstituutnederland.nl/documenten/2025/09/10/pakketadvies-sluisgeneesmiddel-enfortumab-vedotin-padcev-bij-blaaskanker,Argumenten volledig,Astellas (enfortumab vedotin) / MSD (pembrolizumab)
INT-117,intramuraal,Afgerond advies,2025-08-20,Indicatie-uitbreiding,guselkumab (Tremfya®),de ziekte van Crohn,Alleen vergoeden na prijsdaling,Advies - vergoed guselkumab (Tremfya®) voor de behandeling van de ziekte van Crohn,https://www.zorginstituutnederland.nl/documenten/2025/08/20/pakketadvies-sluisgeneesmiddel-guselkumab-bij-crohn,Argumenten volledig,Janssen
INT-116,intramuraal,Afgerond advies,2025-07-31,Initieel,exagamglogene autotemcel (Casgevy®),transfusieafhankelijke β-thalassemie (TDT),Alleen vergoeden na prijsdaling,Advies - vergoed exagamglogene autotemcel (Casgevy®) voor de behandeling van transfusieafhankelijke β-thalassemie (TDT),https://www.zorginstituutnederland.nl/documenten/2025/07/31/pakketadvies-sluisgeneesmiddel-exagamglogene-autotemcel-casgevy-voor-de-behandeling-van-transfusieafhankelijke-thalassemie-tdt,Argumenten volledig,Vertex
INT-115,intramuraal,Afgerond advies,2025-07-16,Initieel,elranatamab (Elrexfio®) en talquetamab (Talvey®),multipel myeloom,Alleen vergoeden na prijsdaling,Advies - vergoed elranatamab (Elrexfio®) en talquetamab (Talvey®) voor de behandeling van multipel myeloom,https://www.zorginstituutnederland.nl/documenten/2025/07/02/pakketadvies-sluisgeneesmiddel-elranatamab-elrexfio-en-talquetamab-talvey-voor-de-behandeling-van-multipel-myeloom,Argumenten volledig,Pfizer (elranatamab); Janssen (talquetamab)
INT-114,intramuraal,Afgerond advies,2025-07-07,Indicatie-uitbreiding,guselkumab (Tremfya®),colitis ulcerosa,Alleen vergoeden na prijsdaling,Advies - vergoed guselkumab (Tremfya®) voor de behandeling van colitis ulcerosa,https://www.zorginstituutnederland.nl/documenten/2025/07/07/pakketadvies-sluisgeneesmiddel-guselkumab-tremfya-voor-colitis-ulcerosa,Argumenten volledig,Janssen
INT-113,intramuraal,Afgerond advies,2025-06-25,Indicatie-uitbreiding,axi-cel (Yescarta®),recidiverend of refractair folliculair lymfoom,Niet vergoeden,Advies - niet vergoeden axi-cel (Yescarta®) voor de behandeling van recidiverend of refractair folliculair lymfoom,https://www.zorginstituutnederland.nl/documenten/2025/06/25/pakketadvies-sluisgeneesmiddel-axi-cel-yescarta-voor-de-behandeling-van-bloedkanker,Argumenten volledig,Kite / Gilead
INT-112,intramuraal,Afgerond advies,2025-05-28,Indicatie-uitbreiding,trastuzumab-deruxtecan (Enhertu®),borstkanker,Alleen vergoeden na prijsdaling,Advies - vergoed trastuzumab-deruxtecan (Enhertu®) voor de behandeling van borstkanker,https://www.zorginstituutnederland.nl/documenten/2025/05/28/pakketadvies-trastuzumab-deruxtecan-enhertu-voor-de-behandeling-van-borstkanker,Argumenten volledig,Daiichi Sankyo / AstraZeneca
INT-111,intramuraal,Afgerond advies,2025-05-27,Initieel,epcoritamab (Tepkinly®),lymfeklierkanker,Niet vergoeden,Advies - niet vergoeden epcoritamab (Tepkinly®) voor de behandeling van lymfeklierkanker,https://www.zorginstituutnederland.nl/documenten/2025/05/27/pakketadvies-epcoritamab-tepkinly-voor-de-behandeling-van-lymfeklierkanker,Argumenten volledig,AbbVie / Genmab
INT-110,intramuraal,Afgerond advies,2025-05-19,Initieel,idecabtagene vicleucel (Abecma®),multipel myeloom,Niet vergoeden,Advies - niet vergoeden idecabtagene vicleucel (Abecma®) voor de behandeling van multipel myeloom,https://www.zorginstituutnederland.nl/documenten/2025/05/19/pakketadvies-idecabtagene-vicleucel-abecma-voor-de-behandeling-van-multipel-myeloom,Argumenten volledig,Bristol Myers Squibb
INT-109,intramuraal,Afgerond advies,2025-04-15,Herbeoordeling,abemaciclib (Verzenios®),borstkanker,Niet vergoeden,Advies - niet vergoeden abemaciclib (Verzenios®) voor de behandeling van borstkanker (herbeoordeling),https://www.zorginstituutnederland.nl/documenten/2025/04/11/pakketadvies-sluisgeneesmiddel-abemaciclib-verzenios-voor-de-behandeling-van-borstkanker-herbeoordeling,Argumenten volledig,Eli Lilly
INT-108,intramuraal,Afgerond advies,2025-04-14,Herbeoordeling,teclistamab (Tecvayli®),multipel myeloom,Alleen vergoeden na prijsdaling,Advies - vergoed teclistamab (Tecvayli®) voor de behandeling van multipel myeloom (herbeoordeling),https://www.zorginstituutnederland.nl/documenten/2025/04/14/pakketadvies-teclistamab-tecvayli-voor-de-behandeling-van-multipel-myeloom-herbeoordeling,Argumenten volledig,Janssen
INT-106,intramuraal,Afgerond advies,2025-04-03,Indicatie-uitbreiding,mirikizumab (Omvoh®),de ziekte van Crohn,Alleen vergoeden na prijsdaling,Advies - vergoed mirikizumab (Omvoh®) voor de behandeling van de ziekte van Crohn,https://www.zorginstituutnederland.nl/documenten/2025/04/03/pakketadvies-sluisgeneesmiddel-mirikizumab-omvoh-voor-de-ziekte-van-crohn,Argumenten volledig,Eli Lilly
INT-107,intramuraal,Afgerond advies,2025-04-03,Initieel,etrasimod (Velsipity®),colitis ulcerosa,Alleen vergoeden na prijsdaling,Advies - vergoed etrasimod (Velsipity®) voor de behandeling van colitis ulcerosa,https://www.zorginstituutnederland.nl/documenten/2025/04/03/pakketadvies-sluisgeneesmiddel-etrasimod-velsipity-voor-de-behandeling-van-colitis-ulcerosa,Argumenten volledig,Pfizer
INT-105,intramuraal,Afgerond advies,2025-03-19,Initieel,marstacimab (Hympavzi®),hemofilie A of B,Alleen vergoeden na prijsdaling,Advies - vergoed marstacimab (Hympavzi®) voor de behandeling van hemofilie A of B,https://www.zorginstituutnederland.nl/documenten/2025/03/19/pakketadvies-marstacimab-hympavzi-voor-de-behandeling-van-hemofilie-a-of-b,Argumenten volledig,Pfizer
INT-102,intramuraal,Afgerond advies,2025-03-12,Initieel,injectie Pluvicto®,prostaatkanker,Alleen vergoeden na prijsdaling,Advies - vergoed injectie Pluvicto® voor de behandeling van prostaatkanker,https://www.zorginstituutnederland.nl/documenten/2025/03/12/pakketadvies-injectie-pluvicto-voor-de-behandeling-van-prostaatkanker,Argumenten volledig,Novartis (Advanced Accelerator Applications)
INT-103,intramuraal,Afgerond advies,2025-03-12,Indicatie-uitbreiding,talazoparib (Talzenna®) met enzalutamide,uitgezaaide prostaatkanker,Alleen vergoeden na prijsdaling,Advies - vergoed talazoparib (Talzenna®) met enzalutamide voor de behandeling van uitgezaaide prostaatkanker,https://www.zorginstituutnederland.nl/documenten/2025/03/12/pakketadvies-talazoparib-talzenna-met-enzalutamide-voor-de-behandeling-van-uitgezaaide-prostaatkanker,Argumenten volledig,Pfizer
INT-104,intramuraal,Afgerond advies,2025-03-12,Initieel,avapritinib (Ayvakyt®),een zeldzame bloedziekte,Alleen vergoeden na prijsdaling,Advies - vergoed avapritinib (Ayvakyt®) voor de behandeling van een zeldzame bloedziekte,https://www.zorginstituutnederland.nl/documenten/2025/03/12/pakketadvies-avapritinib-ayvakyt-voor-de-behandeling-van-een-zeldzame-bloedziekte,Argumenten volledig,Blueprint Medicines
INT-100,intramuraal,Afgerond advies,2025-02-20,Indicatie-uitbreiding,faricimab (Vabysmo®),zichtverlies door vochtophoping bij een afgesloten ader in het oog,Alleen vergoeden na prijsdaling,Advies - vergoed faricimab (Vabysmo®) voor de behandeling van zichtverlies door vochtophoping bij een afgesloten ader in het oog,https://www.zorginstituutnederland.nl/documenten/2025/02/20/pakketadvies-sluisgeneesmiddel-faricimab-vabysmo-voor-de-behandeling-van-zichtverlies-door-vochtophoping-bij-een-afgesloten-ader-in-het-oog,Argumenten volledig,Roche
INT-101,intramuraal,Afgerond advies,2025-02-20,Initieel,ublituximab (Briumvi®),multiple sclerose,Alleen vergoeden na prijsdaling,Advies - vergoed ublituximab (Briumvi®) voor de behandeling van multiple sclerose,https://www.zorginstituutnederland.nl/documenten/2025/02/20/pakketadvies-sluisgeneesmiddel-ublituximab-briumvi-bij-multiple-sclerose,Argumenten volledig,Neuraxpharm
INT-099,intramuraal,Afgerond advies,2025-02-18,Herbeoordeling,ciltacabtagene autoleucel (Carvykti®),multipel myeloom,Alleen vergoeden na prijsdaling,Advies - vergoed ciltacabtagene autoleucel (Carvykti®) voor de behandeling van multipel myeloom,https://www.zorginstituutnederland.nl/documenten/2025/02/18/pakketadvies-ciltacabtagene-autoleucel-carvykti-voor-de-behandeling-van-multipel-myeloom,Argumenten volledig,Janssen
INT-097,intramuraal,Afgerond advies,2025-01-16,Indicatie-uitbreiding,daratumumab (Darzalex®),een vorm van amyloïdose,Niet vergoeden,Advies - niet vergoeden daratumumab (Darzalex®) voor de behandeling van een vorm van amyloïdose,https://www.zorginstituutnederland.nl/documenten/2025/01/16/pakketadvies-sluisgeneesmiddel-daratumumab-darzalex,Argumenten volledig,Janssen
INT-098,intramuraal,Afgerond advies,2025-01-16,Initieel,ripretinib (Qinlock®),kanker in maag of darmen,Niet vergoeden,Advies - niet vergoeden ripretinib (Qinlock®) voor de behandeling van kanker in maag of darmen,https://www.zorginstituutnederland.nl/documenten/2025/01/16/pakketadvies-sluisgeneesmiddelripretinib-qinlock,Argumenten volledig,Deciphera
INT-096,intramuraal,Afgerond advies,2025-01-15,Initieel,brexucabtagene-autoleucel (Tecartus®),acute lymfoblastische leukemie,Niet vergoeden,Advies - niet vergoeden brexucabtagene-autoleucel (Tecartus®) voor de behandeling van acute lymfoblastische leukemie,https://www.zorginstituutnederland.nl/documenten/2025/01/15/pakketadvies-sluisgeneesmiddel-brexu-cel-tecartus,Argumenten volledig,Kite / Gilead
INT-095,intramuraal,Afgerond advies,2025-01-09,Initieel,efanesoctocog alfa (Altuvoct®),hemofilie A,Alleen vergoeden na prijsdaling,Advies - vergoed efanesoctocog alfa (Altuvoct®) voor de behandeling van hemofilie A,https://www.zorginstituutnederland.nl/documenten/2025/01/09/pakketadvies-sluisgeneesmiddel-efanesoctocog-alfa-altuvoct,Argumenten volledig,Sobi (Swedish Orphan Biovitrum)
INT-094,intramuraal,Afgerond advies,2024-12-19,Indicatie-uitbreiding,risankizumab (Skyrizi®),colitis ulcerosa,Alleen vergoeden na prijsdaling,Advies - vergoed risankizumab (Skyrizi®) voor de behandeling van colitis ulcerosa,https://www.zorginstituutnederland.nl/documenten/2024/12/19/pakketadvies-sluisgeneesmiddel-risankizumab-skyrizi-voor-colitis-ulcerosa,Argumenten volledig,AbbVie
INT-092,intramuraal,Afgerond advies,2024-12-16,Indicatie-uitbreiding,bimekizumab (Bimzelx®),hidradenitis suppurativa,Alleen vergoeden na prijsdaling,Advies - vergoed bimekizumab (Bimzelx®) voor de behandeling van hidradenitis suppurativa,https://www.zorginstituutnederland.nl/documenten/2024/12/16/pakketadvies-sluisgeneesmiddel-bimekizumab-bimzelx-bij-hs,Argumenten volledig,UCB
INT-093,intramuraal,Afgerond advies,2024-12-16,Indicatie-uitbreiding,lisocabtagene maraleucel (Breyanzi®),lymfeklierkanker,Alleen vergoeden na prijsdaling,Advies - vergoed lisocabtagene maraleucel (Breyanzi®) voor de behandeling van lymfeklierkanker,https://www.zorginstituutnederland.nl/documenten/2024/12/16/pakketadvies-sluisgeneesmiddel-lisocabtagene-maraleucel-breyanzi-voor-de-behandeling-van-lymfeklierkanker,Argumenten volledig,Bristol Myers Squibb
INT-091,intramuraal,Afgerond advies,2024-10-10,Indicatie-uitbreiding,olaparib (Lynparza®),uitgezaaide prostaatkanker,Niet vergoeden,Advies - niet vergoeden olaparib (Lynparza®) voor de behandeling van uitgezaaide prostaatkanker,https://www.zorginstituutnederland.nl/documenten/2024/10/10/pakketadvies-sluisgeneesmiddel-olaparib-lynparza-bij-prostaatkanker,Argumenten volledig,AstraZeneca / MSD
INT-090,intramuraal,Afgerond advies,2024-09-12,Initieel,lebrikizumab (Ebglyss®),matig tot ernstig eczeem,Alleen vergoeden na prijsdaling,Advies - vergoed lebrikizumab (Ebglyss®) voor de behandeling van matig tot ernstig eczeem,https://www.zorginstituutnederland.nl/documenten/2024/09/12/pakketadvies-sluisgeneesmiddel-lebrikizumab-ebglyss,Argumenten volledig,Almirall
INT-089,intramuraal,Afgerond advies,2024-08-29,Initieel,tebentafusp (Kimmtrak®),oogkanker,Alleen vergoeden na prijsdaling,Advies - vergoed tebentafusp (Kimmtrak®) voor de behandeling van oogkanker,https://www.zorginstituutnederland.nl/documenten/2024/08/29/pakketadvies-tebentafusp-kimmtrak,Argumenten volledig,Immunocore
INT-088,intramuraal,Afgerond advies,2024-08-21,Initieel,olipudase alfa (Xenpozyme®),de ziekte van Niemann-Pick,Alleen vergoeden na prijsdaling,Advies - vergoed olipudase alfa (Xenpozyme®) voor de behandeling van de ziekte van Niemann-Pick,https://www.zorginstituutnederland.nl/documenten/2024/08/21/pakketadvies-olipudase-alfa-xenpozyme,Argumenten volledig,Sanofi
INT-086,intramuraal,Afgerond advies,2024-08-19,Indicatie-uitbreiding,bimekizumab (Bimzelx®),artritis psoriatica,Alleen vergoeden na prijsdaling,Advies - vergoed bimekizumab (Bimzelx®) voor de behandeling van artritis psoriatica,https://www.zorginstituutnederland.nl/documenten/2024/08/19/pakketadvies-bimekizumab-bimzelx-voor-de-behandeling-van-artritis-psoriatica,Argumenten volledig,UCB
INT-087,intramuraal,Afgerond advies,2024-08-19,Indicatie-uitbreiding,bimekizumab (Bimzelx®),axiale spondyloartritis,Alleen vergoeden na prijsdaling,Advies - vergoed bimekizumab (Bimzelx®) voor de behandeling van axiale spondyloartritis,https://www.zorginstituutnederland.nl/documenten/2024/08/19/pakketadvies-bimekizumab-bimzelx-voor-de-behandeling-van-axiale-spondyloartritis,Argumenten volledig,UCB
INT-085,intramuraal,Afgerond advies,2024-08-07,Initieel,mirikizumab (Omvoh®),colitis ulcerosa,Alleen vergoeden na prijsdaling,Advies - vergoed mirikizumab (Omvoh®) voor de behandeling van colitis ulcerosa,https://www.zorginstituutnederland.nl/documenten/2024/08/07/pakketadvies-mirikizumab-omvoh,Argumenten volledig,Eli Lilly
INT-084,intramuraal,Afgerond advies,2024-07-30,Initieel,cipaglucosidase alfa (Pombiliti®) in combinatie met miglustat (Opfolda®),de ziekte van Pompe,Alleen vergoeden na prijsdaling,Advies - vergoed cipaglucosidase alfa (Pombiliti®) in combinatie met miglustat (Opfolda®) voor de behandeling van de ziekte van Pompe,https://www.zorginstituutnederland.nl/documenten/2024/07/30/pakketadvies-cipaglucosidase-alfa-pombiliti-in-combinatie-met-miglustat-opfolda,Argumenten volledig,Amicus Therapeutics
INT-083,intramuraal,Afgerond advies,2024-07-15,Initieel,etranacogene dezaparvovec (Hemgenix®),hemofilie B,Alleen vergoeden na prijsdaling,Advies - vergoed etranacogene dezaparvovec (Hemgenix®) voor de behandeling van hemofilie B,https://www.zorginstituutnederland.nl/documenten/2024/07/15/pakketadvies-sluisgeneesmiddel-etranacogene-dezaparvovec-hemgenix-bij-hemofilie-b,Argumenten volledig,CSL Behring
INT-081,intramuraal,Afgerond advies,2024-07-10,Initieel,teclistamab (Tecvayli®),multipel myeloom,Niet vergoeden,Advies - niet vergoeden teclistamab (Tecvayli®) voor de behandeling van multipel myeloom,https://www.zorginstituutnederland.nl/documenten/2024/07/10/pakketadvies-sluisgeneesmiddel-teclistamab-tecvayli-bij-multipel-myeloom,Argumenten volledig,Janssen
INT-082,intramuraal,Afgerond advies,2024-07-10,Initieel,dostarlimab (Jemperli®),baarmoederkanker,Alleen vergoeden na prijsdaling,Advies - vergoed dostarlimab (Jemperli®) voor de behandeling van baarmoederkanker,https://www.zorginstituutnederland.nl/documenten/2024/07/10/pakketadvies-dostarlimab-jemperli-bij-baarmoederkanker,Argumenten volledig,GSK
INT-080,intramuraal,Afgerond advies,2024-07-09,Herbeoordeling,sacituzumab govitecan (Trodelvy®),borstkanker,Alleen vergoeden na prijsdaling,Advies - vergoed sacituzumab govitecan (Trodelvy®) voor de behandeling van borstkanker (herbeoordeling),https://www.zorginstituutnederland.nl/documenten/2024/07/09/pakketadvies-sacituzumab-govitecan-trodelvy-bij-borstkanker-herbeoordeling,Argumenten volledig,Gilead
INT-079,intramuraal,Afgerond advies,2024-06-26,Indicatie-uitbreiding,axicabtagene ciloleucel (Yescarta®),lymfeklierkanker,Alleen vergoeden na prijsdaling,Advies - uitbreiding vergoeding axicabtagene ciloleucel (Yescarta®) voor de behandeling van lymfeklierkanker,https://www.zorginstituutnederland.nl/documenten/2024/06/26/pakketadvies-axicabtagene-ciloleucel-yescarta-voor-de-behandeling-van-lymfeklierkanker,Argumenten volledig,Kite / Gilead
INT-075,intramuraal,Afgerond advies,2024-06-12,Initieel,niraparib-abirateron (Akeega®),uitgezaaide prostaatkanker,Niet vergoeden,Advies - niet vergoeden niraparib-abirateron (Akeega®) voor de behandeling van uitgezaaide prostaatkanker,https://www.zorginstituutnederland.nl/documenten/2024/06/12/pakketadvies-niraparib-abirateron-akeega-voor-de-behandeling-van-uitgezaaide-prostaatkanker,Argumenten volledig,Janssen
INT-076,intramuraal,Afgerond advies,2024-06-12,Initieel,pegunigalsidase alfa (Elfabrio®),de ziekte van Fabry,Alleen vergoeden na prijsdaling,Advies - vergoed pegunigalsidase alfa (Elfabrio®) voor de behandeling van de ziekte van Fabry,https://www.zorginstituutnederland.nl/documenten/2024/06/12/pakketadvies-pegunigalsidase-alfa-elfabrio-voor-de-behandeling-van-de-ziekte-van-fabry,Argumenten volledig,Chiesi
INT-077,intramuraal,Afgerond advies,2024-06-12,Initieel,glofitamab (Columvi®),lymfeklierkanker,Niet vergoeden,Advies - niet vergoeden glofitamab (Columvi®) voor de behandeling van lymfeklierkanker,https://www.zorginstituutnederland.nl/documenten/2024/06/12/pakketadvies-glofitamab-columvi-voor-de-behandeling-van-lymfeklierkanker,Argumenten volledig,Roche
INT-078,intramuraal,Afgerond advies,2024-06-12,Initieel,loncastuximab tesirine (Zynlonta®),lymfeklierkanker,Niet vergoeden,Advies - niet vergoeden loncastuximab tesirine (Zynlonta®) voor de behandeling van lymfeklierkanker,https://www.zorginstituutnederland.nl/documenten/2024/06/12/pakketadvies-loncastuximab-tesirine-zynlonta-voor-de-behandeling-van-lymfeklierkanker,Argumenten volledig,Sobi / ADC Therapeutics
INT-074,intramuraal,Afgerond advies,2024-05-30,Initieel,avalglucosidase alfa (Nexviadyme®),de ziekte van Pompe,Alleen vergoeden na prijsdaling,Advies - vergoed avalglucosidase alfa (Nexviadyme®) voor de behandeling van de ziekte van Pompe,https://www.zorginstituutnederland.nl/documenten/2024/05/30/pakketadvies-sluisgeneesmiddel-avalglucosidase-alfa-nexviadyme-voor-de-ziekte-van-pompe,Argumenten volledig,Sanofi
INT-073,intramuraal,Afgerond advies,2024-05-23,Initieel,nivolumab-relatlimab (Opdualag®),huidkanker,Niet vergoeden,Advies - niet vergoeden nivolumab-relatlimab (Opdualag®) voor de behandeling van huidkanker,https://www.zorginstituutnederland.nl/documenten/2024/05/23/pakketadvies-sluisgeneesmiddel-nivolumab-relatlimab-opdualag,Argumenten volledig,Bristol Myers Squibb
INT-072,intramuraal,Afgerond advies,2024-04-25,Initieel,selumetinib (Koselugo®),goedaardige tumoren bij kinderen met neurofibromatose type 1 (NF1),Alleen vergoeden na prijsdaling,Advies - vergoed selumetinib (Koselugo®) voor de behandeling van goedaardige tumoren bij kinderen met neurofibromatose type 1 (NF1),https://www.zorginstituutnederland.nl/documenten/2024/04/25/pakketadvies-sluisgeneesmiddel-selumetinib-koselugo,Argumenten volledig,Alexion (AstraZeneca)
INT-071,intramuraal,Afgerond advies,2024-04-11,Initieel,lisocabtagene maraleucel (Breyanzi®),lymfeklierkanker,Alleen vergoeden na prijsdaling,Advies - vergoed lisocabtagene maraleucel (Breyanzi®) voor de behandeling van lymfeklierkanker,https://www.zorginstituutnederland.nl/documenten/2024/04/11/pakketadvies-lisocabtagene-maraleucel-breyanzi,Argumenten volledig,Bristol Myers Squibb
INT-070,intramuraal,Afgerond advies,2024-03-27,Initieel,deucravacitinib (Sotyktu®),matige tot ernstige psoriasis,Alleen vergoeden na prijsdaling,Advies - Vergoed deucravacitinib (Sotyktu®) voor de behandeling van matige tot ernstige psoriasis,https://www.zorginstituutnederland.nl/documenten/2024/03/27/advies-vergoed-deucravacitinib-sotyktu-voor-de-behandeling-van-matige-tot-ernstige-psoriasis,Argumenten volledig,Bristol Myers Squibb
INT-069,intramuraal,Afgerond advies,2024-03-01,Indicatie-uitbreiding,upadacitinib (Rinvoq®),de ziekte van Crohn,Alleen vergoeden na prijsdaling,Advies - vergoed upadacitinib (Rinvoq®) voor de behandeling van de ziekte van Crohn,https://www.zorginstituutnederland.nl/documenten/2024/03/01/pakketadvies-upadacitinib-rinvoq-bij-de-ziekte-van-crohn,Argumenten volledig,AbbVie
INT-068,intramuraal,Afgerond advies,2024-02-13,Indicatie-uitbreiding,olaparib (Lynparza®),erfelijke borstkanker,Alleen vergoeden na prijsdaling,Pakketadvies sluisgeneesmiddel olaparib (Lynparza®) voor de behandeling van erfelijke borstkanker,https://www.zorginstituutnederland.nl/documenten/2024/02/13/pakketadvies-sluisgeneesmiddel-olaparib-lynparza-voor-de-behandeling-van-erfelijke-borstkanker,Argumenten volledig,AstraZeneca / MSD
INT-067,intramuraal,Afgerond advies,2023-12-14,Indicatie-uitbreiding,abemaciclib (Verzenios®),borstkanker,Niet vergoeden,Pakketadvies sluisgeneesmiddel abemaciclib (Verzenios®) voor de behandeling van borstkanker,https://www.zorginstituutnederland.nl/documenten/2023/12/14/pakketadvies-sluisgeneesmiddel-abemaciclib-verzenios-voor-de-behandeling-van-borstkanker,Argumenten volledig,Eli Lilly
INT-066,intramuraal,Afgerond advies,2023-12-13,Initieel,evinacumab (Evkeeza®),een zeldzame vorm van verhoogd cholesterolgehalte,Alleen vergoeden na prijsdaling,Pakketadvies sluisgeneesmiddel evinacumab (Evkeeza®) voor de behandeling van een zeldzame vorm van verhoogd cholesterolgehalte,https://www.zorginstituutnederland.nl/documenten/2023/12/13/pakketadvies-sluisgeneesmiddel-evinacumab-evkeeza-voor-de-behandeling-van-een-zeldzame-vorm-van-verhoogd-cholesterolgehalte,Argumenten volledig,Ultragenyx (Regeneron)
INT-065,intramuraal,Afgerond advies,2023-12-12,Indicatie-uitbreiding,ravulizumab (Ultomiris®),volwassen patiënten met myasthenia gravis,Alleen vergoeden na prijsdaling,Pakketadvies sluisgeneesmiddel ravulizumab (Ultomiris®) voor de behandeling van volwassen patiënten met myasthenia gravis,https://www.zorginstituutnederland.nl/documenten/2023/12/12/pakketadvies-sluisgeneesmiddel-ravulizumab-ultomiris-voor-de-behandeling-van-volwassen-patienten-met-myasthenia-gravis,Argumenten volledig,Alexion (AstraZeneca)
INT-064,intramuraal,Afgerond advies,2023-12-01,Update,atidarsagene autotemcel (Libmeldy®),metachromatische leukodystrofie (MLD),Alleen vergoeden na prijsdaling,Update advies sluisgeneesmiddel atidarsagene autotemcel (Libmeldy®) voor de behandeling van metachromatische leukodystrofie (MLD),https://www.zorginstituutnederland.nl/documenten/2023/12/11/update-advies-sluisgeneesmiddel-atidarsagene-autotemcel-libmeldy-voor-de-behandeling-van-metachromatische-leukodystrofie-mld,Argumenten volledig,Orchard Therapeutics
INT-063,intramuraal,Afgerond advies,2023-11-16,Indicatie-uitbreiding,emicizumab (Hemlibra®),matig-ernstige hemofilie A,Alleen vergoeden na prijsdaling,Pakketadvies sluisgeneesmiddel emicizumab (Hemlibra®) voor de behandeling van matig-ernstige hemofilie A,https://www.zorginstituutnederland.nl/documenten/2023/11/16/pakketadvies-sluisgeneesmiddel-emicizumab-hemlibra-voor-de-behandeling-van-matig-ernstige-hemofilie-a-en-een-groot-risico-op-bloedingen,Argumenten volledig,Roche
INT-062,intramuraal,Afgerond advies,2023-08-31,Initieel,zanubrutinib (Brukinsa®),chronische lymfatische leukemie (CLL),Alleen vergoeden na prijsdaling,Pakketadvies sluisgeneesmiddel zanubrutinib (Brukinsa®) voor de behandeling van chronische lymfatische leukemie (CLL),https://www.zorginstituutnederland.nl/documenten/2023/08/31/pakketadvies-sluisgeneesmiddel-zanubrutinib-brukinsa-voor-de-behandeling-van-chronische-lymfatische-leukemie-cll,Argumenten volledig,BeiGene
INT-060,intramuraal,Afgerond advies,2023-07-28,Initieel,eptinezumab (Vyepti®),migraine,Alleen vergoeden na prijsdaling,Pakketadvies sluisgeneesmiddel eptinezumab (Vyepti®) voor de behandeling van migraine,https://www.zorginstituutnederland.nl/documenten/2023/07/28/pakketadvies-sluisgeneesmiddel-eptinezumab-vyepti-voor-de-behandeling-van-migraine,Argumenten volledig,Lundbeck
INT-061,intramuraal,Afgerond advies,2023-07-28,Indicatie-uitbreiding,darolutamide (Nubeqa®) i.c.m. docetaxel en androgeendeprivatietherapie (ADT),uitgezaaide prostaatkanker,Alleen vergoeden na prijsdaling,Pakketadvies sluisgeneesmiddel darolutamide (Nubeqa®) i.c.m. docetaxel en androgeendeprivatietherapie (ADT) voor de behandeling van uitgezaaide prostaatkanker,https://www.zorginstituutnederland.nl/documenten/2023/07/28/pakketadvies-sluisgeneesmiddel-darolutamide-nubeqa-voor-de-behandeling-van-uitgezaaide-prostaatkanker,Argumenten volledig,Bayer
INT-059,intramuraal,Afgerond advies,2023-07-27,Update,entrectinib en larotrectinib (Rozlytrek® en Vitrakvi®),volwassen en kinderen met solide tumoren (kanker) met NTRK-genfusie,Vergoeden,Pakketadvies entrectinib en larotrectinib (Rozlytrek® en Vitrakvi®) voor de behandeling van volwassen en kinderen met solide tumoren (kanker) met NTRK-genfusie,https://www.zorginstituutnederland.nl/documenten/2023/07/27/pakketadvies-entrectinib-en-larotrectinib-rozlytrek-en-vitrakvi,Argumenten volledig,Roche (entrectinib) / Bayer (larotrectinib)
INT-058,intramuraal,Afgerond advies,2023-07-06,Initieel,lenvatinib (Lenvima®),baarmoederkanker,Alleen vergoeden na prijsdaling,Pakketadvies sluisgeneesmiddel lenvatinib (Lenvima®) voor de behandeling van baarmoederkanker,https://www.zorginstituutnederland.nl/documenten/2023/07/06/pakketadvies-lenvatinib-lenvima-voor-de-behandeling-van-baarmoederkanker,Argumenten volledig,Eisai (lenvatinib) / MSD (pembrolizumab)
INT-057,intramuraal,Afgerond advies,2023-05-15,Initieel,lenvatinib (Kisplix®) in combinatie met pembrolizumab,niercelkanker,Alleen vergoeden na prijsdaling,Pakketadvies sluisgeneesmiddel lenvatinib (Kisplix®) in combinatie met pembrolizumab voor de behandeling van niercelkanker,https://www.zorginstituutnederland.nl/documenten/2023/05/15/pakketadvies-lenvatinib-kisplix-in-combinatie-met-pembrolizumab-voor-de-behandeling-van-niercelkanker,Argumenten volledig,Eisai (lenvatinib) / MSD (pembrolizumab)
INT-056,intramuraal,Afgerond advies,2023-04-17,Herbeoordeling,brexucabtagene autoleucel (Tecartus®),mantelcellymfoom (MCL),Alleen vergoeden na prijsdaling,Pakketadvies sluisgeneesmiddel brexucabtagene autoleucel (Tecartus®) voor de behandeling van mantelcellymfoom (MCL),https://www.zorginstituutnederland.nl/documenten/2023/04/17/pakketadvies-sluisgeneesmiddel-brexucabtagene-autoleucel-tecartus-bij-mcl,Argumenten volledig,Kite / Gilead
INT-054,intramuraal,Afgerond advies,2023-02-15,Initieel,trastuzumab-deruxtecan (Enhertu®),HER2-positieve borstkanker,Alleen vergoeden na prijsdaling,Pakketadvies sluisgeneesmiddel trastuzumab-deruxtecan (Enhertu®) voor de behandeling van HER2-positieve borstkanker,https://www.zorginstituutnederland.nl/documenten/2023/02/15/pakketadvies-sluisgeneesmiddel-trastuzumab-deruxtecan-enhertu,Argumenten volledig,Daiichi Sankyo / AstraZeneca
INT-055,intramuraal,Afgerond advies,2023-02-15,Initieel,tafasitamab (Minjuvi®),lymfeklierkanker,Alleen vergoeden na prijsdaling,Pakketadvies sluisgeneesmiddel tafasitamab (Minjuvi®) voor de behandeling van lymfeklierkanker,https://www.zorginstituutnederland.nl/documenten/2023/02/15/pakketadvies-sluisgeneesmiddel-tafasitamab-minjuvi,Argumenten volledig,Incyte
INT-053,intramuraal,Afgerond advies,2022-11-10,Initieel,pralsetinib (Gavreto®),niet-kleincellige longkanker (NSCLC),Niet vergoeden,Pakketadvies sluisgeneesmiddel pralsetinib (Gavreto®) voor de behandeling van niet-kleincellige longkanker (NSCLC),https://www.zorginstituutnederland.nl/documenten/2022/11/10/pakketadvies-sluisgeneesmiddel-pralsetinib-gavreto,Argumenten volledig,Roche
INT-052,intramuraal,Afgerond advies,2022-10-20,Initieel,ciltacabtagene autoleucel (Carvykti®),multipel myeloom,Niet vergoeden,Pakketadvies sluisgeneesmiddel ciltacabtagene autoleucel (Carvykti®) voor de behandeling van multipel myeloom,https://www.zorginstituutnederland.nl/documenten/2022/10/20/pakketadvies-sluisgeneesmiddel-ciltacabtagene-autoleucel-carvykti,Argumenten volledig,Janssen
INT-051,intramuraal,Afgerond advies,2022-09-27,Initieel,atidarsagene autotemcel (Libmeldy®),metachromatische leukodystrofie (MLD),Alleen vergoeden na prijsdaling,Pakketadvies sluisgeneesmiddel atidarsagene autotemcel (Libmeldy®) voor de behandeling van metachromatische leukodystrofie (MLD),https://www.zorginstituutnederland.nl/documenten/2022/09/27/pakketadvies-sluisgeneesmiddel-atidarsagene-autotemcel-libmeldy,Argumenten volledig,Orchard Therapeutics
INT-050,intramuraal,Afgerond advies,2022-09-16,Initieel,pegcetacoplan (Aspaveli®),paroxismale nachtelijke hemoglobinurie (PNH),Alleen vergoeden na prijsdaling,Pakketadvies geneesmiddel pegcetacoplan (Aspaveli®) voor de behandeling van paroxismale nachtelijke hemoglobinurie (PNH),https://www.zorginstituutnederland.nl/documenten/2022/09/16/pakketadvies-sluisgeneesmiddel-pegcetacoplan-aspaveli,Argumenten volledig,Sobi (Swedish Orphan Biovitrum)
INT-049,intramuraal,Afgerond advies,2022-09-09,Initieel,brexucabtagene autoleucel (Tecartus®),bepaalde patiënten met recidiverend of refractair mantelcellymfoom (MCL),Niet vergoeden,Pakketadvies sluisgeneesmiddel brexucabtagene autoleucel (Tecartus®) voor de behandeling van bepaalde patiënten met recidiverend of refractair mantelcellymfoom (MCL),https://www.zorginstituutnederland.nl/documenten/2022/09/09/pakketadvies-sluisgeneesmiddel-brexucabtagene-autoleucel-tecartus,Argumenten volledig,Kite / Gilead
INT-047,intramuraal,Afgerond advies,2022-07-15,Initieel,risdiplam (Evrysdi®),5q spinale spieratrofie (SMA),Alleen vergoeden na prijsdaling,Pakketadvies sluisgeneesmiddel risdiplam (Evrysdi®) bij 5q spinale spieratrofie (SMA),https://www.zorginstituutnederland.nl/documenten/2022/07/15/pakketadvies-sluisgeneesmiddel-risdiplam-evrysdi,Argumenten volledig,Roche
INT-048,intramuraal,Afgerond advies,2022-07-15,Initieel,sacituzumab govitecan (Trodelvy®),inoperabele of uitgezaaide borstkanker,Alleen vergoeden na prijsdaling,Pakketadvies sluisgeneesmiddel sacituzumab govitecan (Trodelvy®) voor de behandeling van inoperabele of uitgezaaide borstkanker,https://www.zorginstituutnederland.nl/documenten/2022/07/15/pakketadvies-sacituzumab-govitecan-trodelvy,Argumenten volledig,Gilead
INT-046,intramuraal,Afgerond advies,2022-04-27,Initieel,zanubrutinib (Brukinsa®),de ziekte van Waldenström,Alleen vergoeden na prijsdaling,Pakketadvies sluisgeneesmiddel zanubrutinib (Brukinsa®) voor de behandeling van de ziekte van Waldenström,https://www.zorginstituutnederland.nl/documenten/2022/04/27/pakketadvies-sluisgeneesmiddel-zanubrutinib-brukinsa,Argumenten volledig,BeiGene
INT-045,intramuraal,Afgerond advies,2022-03-14,Initieel,cabozantinib in combinatie met nivolumab (Cabometyx®/Opdivo®),gevorderde niercelkanker,Alleen vergoeden na prijsdaling,Pakketadvies sluisgeneesmiddel cabozantinib in combinatie met nivolumab (Cabometyx®/Opdivo®) bij de behandeling van gevorderde niercelkanker,https://www.zorginstituutnederland.nl/documenten/2022/03/14/pakketadvies-cabozantinib-in-combinatie-met-nivolumab-cabometyx-opdivo,Argumenten volledig,Ipsen (cabozantinib) / Bristol Myers Squibb (nivolumab)
INT-043,intramuraal,Afgerond advies,2022-01-17,Initieel,acalabrutinib (Calquence®),patiënten met chronische lymfatische leukemie (CLL),Alleen vergoeden na prijsdaling,Pakketadvies acalabrutinib (Calquence®) voor de behandeling van patiënten met chronische lymfatische leukemie (CLL),https://www.zorginstituutnederland.nl/documenten/2022/01/17/pakketadvies-acalabrutinib-calquence-bij-cll,Argumenten volledig,AstraZeneca
INT-044,intramuraal,Afgerond advies,2022-01-17,Initieel,tucatinib (Tukysa®) in combinatie met trastuzumab en capecitabine,HER2-positieve borstkanker,Alleen vergoeden na prijsdaling,Pakketadvies tucatinib (Tukysa®) in combinatie met trastuzumab en capecitabine bij HER2-positieve borstkanker,https://www.zorginstituutnederland.nl/documenten/2022/01/17/pakketadvies-tucatinib-tukysa-bij-her2-positieve-borstkanker,Argumenten volledig,Seagen
INT-042,intramuraal,Afgerond advies,2021-12-17,Indicatie-uitbreiding,ipilimumab (Yervoy®) in combinatie met nivolumab (Opdivo®),asbestkanker,Alleen vergoeden na prijsdaling,Pakketadvies ipilimumab (Yervoy®) in combinatie met nivolumab (Opdivo®) voor de behandeling van asbestkanker,https://www.zorginstituutnederland.nl/documenten/2021/12/17/pakketadviesipilimumab-yervoy-in-combinatie-met-nivolumab-opdivo,Argumenten volledig,Bristol Myers Squibb
INT-041,intramuraal,Afgerond advies,2021-12-15,Initieel,ravulizumab (Ultomiris®),de beenmergziekte PNH en de bloedziekte aHUS,Alleen vergoeden na prijsdaling,Pakketadvies ravulizumab (Ultomiris®) bij de behandeling van de beenmergziekte PNH en de bloedziekte aHUS,https://www.zorginstituutnederland.nl/documenten/2021/12/15/pakketadvies-ravulizumab-ultomiris,Argumenten volledig,Alexion (AstraZeneca)
INT-040,intramuraal,Afgerond advies,2021-11-15,Indicatie-uitbreiding,osimertinib (Tagrisso®),niet-kleincellige longkanker (NSCLC),Alleen vergoeden na prijsdaling,Pakketadvies osimertinib (Tagrisso®) bij niet-kleincellige longkanker (NSCLC),https://www.zorginstituutnederland.nl/documenten/2021/11/15/pakketadvies-osimertinib-tagrisso-bij-niet-kleincellige-longkanker-nsclc,Argumenten volledig,AstraZeneca
INT-039,intramuraal,Afgerond advies,2021-11-10,Indicatie-uitbreiding,venetoclax (Venclyxto®),acute myeloïde leukemie (AML),Alleen vergoeden na prijsdaling,Pakketadvies venetoclax (Venclyxto®) bij acute myeloïde leukemie (AML),https://www.zorginstituutnederland.nl/documenten/2021/11/10/pakketadvies-venetoclax-venclyxto-bij-acute-myeloide-leukemie-aml,Argumenten volledig,AbbVie
INT-038,intramuraal,Afgerond advies,2021-10-26,Indicatie-uitbreiding,cemiplimab (Libtayo®),niet-kleincellige longkanker (NSCLC),Alleen vergoeden na prijsdaling,Pakketadvies cemiplimab (Libtayo®) bij niet-kleincellige longkanker (NSCLC),https://www.zorginstituutnederland.nl/documenten/2021/10/26/pakketadvies-cemiplimab-libtayo,Argumenten volledig,Sanofi / Regeneron
INT-037,intramuraal,Afgerond advies,2021-08-11,Indicatie-uitbreiding,ipilimumab (Yervoy®) in combinatie met nivolumab (Opdivo®),niet-kleincellige longkanker,Alleen vergoeden na prijsdaling,Pakketadvies ipilimumab (Yervoy®) in combinatie met nivolumab (Opdivo®) bij de behandeling van niet-kleincellige longkanker,https://www.zorginstituutnederland.nl/documenten/2021/08/11/pakketadvies-ipilimumab-yervoy-bij-de-behandeling-van-longkanker,Argumenten volledig,Bristol Myers Squibb
INT-036,intramuraal,Afgerond advies,2021-07-26,Herbeoordeling,axicabtagene ciloleucel (Yescarta®),,Alleen vergoeden na prijsdaling,Advies herbeoordeling sluisgeneesmiddel axicabtagene ciloleucel (Yescarta®),https://www.zorginstituutnederland.nl/documenten/2021/07/26/advies-herbeoordeling-axicabtagene-ciloleucel-yescarta,Argumenten volledig,Kite / Gilead
INT-033,intramuraal,Afgerond advies,2021-07-21,Initieel,entrectinib (Rolzytrek®),ROS1-positief gevorderd niet-kleincellig longcarcinoom,Niet vergoeden,Pakketadvies entrectinib (Rolzytrek®) bij ROS1-positief gevorderd niet-kleincellig longcarcinoom,https://www.zorginstituutnederland.nl/documenten/2021/07/21/pakketadvies-entrectinib-rolzytrek-bij-ros1-positief-gevorderd-niet-kleincellig-longcarcinoom,Argumenten volledig,Roche
INT-034,intramuraal,Afgerond advies,2021-07-21,Initieel,betibeglogene autotemcel (Zynteglo®),een vorm van erfelijke bloedarmoede,Alleen vergoeden na prijsdaling,Pakketadvies sluisgeneesmiddel betibeglogene autotemcel (Zynteglo®) voor de behandeling van een vorm van erfelijke bloedarmoede,https://www.zorginstituutnederland.nl/documenten/2021/07/21/pakketadvies-sluisgeneesmiddel-betibeglogene-autotemcel-zynteglo,Argumenten volledig,bluebird bio
INT-035,intramuraal,Afgerond advies,2021-07-21,Indicatie-uitbreiding,avelumab (Bavencio®),blaaskanker,Alleen vergoeden na prijsdaling,Pakketadvies avelumab (Bavencio®) bij de behandeling van blaaskanker,https://www.zorginstituutnederland.nl/documenten/2021/07/21/pakketadvies-avelumab-bavencio-bij-de-behandeling-van-blaaskanker,Argumenten volledig,Merck KGaA / Pfizer
INT-032,intramuraal,Afgerond advies,2021-06-24,Indicatie-uitbreiding,niraparib (Zejula®),eierstokkanker,Vergoeden,Pakketadvies niraparib (Zejula®) bij eierstokkanker,https://www.zorginstituutnederland.nl/documenten/2021/06/24/pakketadvies-niraparib-zejula,Argumenten volledig,GSK
INT-031,intramuraal,Afgerond advies,2021-05-25,Pilot / indicatiebreed (voorlopig advies),isatuximab (Sarclisa®),,Vergoeden onder voorwaarden,Pakketadvies sluisgeneesmiddel isatuximab (Sarclisa®),https://www.zorginstituutnederland.nl/documenten/2021/05/25/pakketadvies-sluisgeneesmiddel-isatuximab-sarclisa,Argumenten volledig,Sanofi
INT-030,intramuraal,Afgerond advies,2021-05-11,Initieel,pertuzumab en trastuzumab (Phesgo®),borstkanker,Alleen vergoeden na prijsdaling,Pakketadvies sluisgeneesmiddel pertuzumab en trastuzumab (Phesgo®) bij borstkanker,https://www.zorginstituutnederland.nl/documenten/2021/05/11/pakketadvies-sluisgeneesmiddel-pertuzumab-en-trastuzumab-phesgo,Argumenten volledig,Roche
INT-029,intramuraal,Afgerond advies,2021-05-06,Initieel,onasemnogene abeparvovec (Zolgensma®),spinale musculaire atrofie (SMA),Alleen vergoeden na prijsdaling,Pakketadvies sluisgeneesmiddel onasemnogene abeparvovec (Zolgensma®) bij de behandeling van spinale musculaire atrofie (SMA),https://www.zorginstituutnederland.nl/documenten/2021/05/06/pakketadvies-sluisgeneesmiddel-onasemnogene-abeparvovec-zolgensma,Argumenten volledig,Novartis Gene Therapies
INT-028,intramuraal,Afgerond advies,2021-02-11,Pilot / indicatiebreed (voorlopig advies),6 behandelcombinaties van geneesmiddelen,multipel myeloom,Vergoeden onder voorwaarden,Pakketadvies 6 behandelcombinaties van geneesmiddelen bij multipel myeloom,https://www.zorginstituutnederland.nl/documenten/2021/02/11/pakketadvies-multipel-myeloom,Argumenten volledig,"Janssen (daratumumab), Celgene/BMS (lenalidomide, pomalidomide), Amgen (carfilzomib)"
INT-027,intramuraal,Afgerond advies,2020-12-10,Initieel,polatuzumab vedotin (Polivy®),r/r DLBCL,Alleen vergoeden na prijsdaling,Pakketadvies sluisgeneesmiddel polatuzumab vedotin (Polivy®) voor de behandeling van r/r DLBCL,https://www.zorginstituutnederland.nl/documenten/2020/12/10/pakketadvies-sluisgeneesmiddel-polatuzumab-vedotin-polivy-voor-de-behandeling-van-r-r-dlbcl,Argumenten volledig,Roche
INT-026,intramuraal,Afgerond advies,2020-11-16,Initieel,venetoclax (Venclyxto®) in combinatie met obinutuzumab,volwassen patiënten met chronische lymfatische leukemie (CLL),Vergoeden onder voorwaarden,Pakketadvies venetoclax (Venclyxto®) in combinatie met obinutuzumab bij de behandeling van volwassen patiënten met chronische lymfatische leukemie (CLL),https://www.zorginstituutnederland.nl/documenten/2020/11/16/pakketadvies-venetoclax-venclyxto,Argumenten volledig,AbbVie
INT-025,intramuraal,Afgerond advies,2020-09-30,Initieel,esketamine neusspray (Spravato®),volwassenen met een therapieresistente depressie,Vergoeden onder voorwaarden,Pakketadvies sluisgeneesmiddel esketamine neusspray (Spravato®) bij de behandeling van volwassenen met een therapieresistente depressie,https://www.zorginstituutnederland.nl/documenten/2020/09/30/pakketadvies-esketamine-neusspray-spravato,Argumenten volledig,Janssen
INT-024,intramuraal,Afgerond advies,2020-09-24,Indicatie-uitbreiding,trastuzumab-emtansine (Kadcyla®),vroege HER2-positieve borstkanker,Alleen vergoeden na prijsdaling,Pakketadvies sluisgeneesmiddel trastuzumab-emtansine (Kadcyla®) bij vroege HER2-positieve borstkanker,https://www.zorginstituutnederland.nl/documenten/2020/09/24/pakketadvies-trastuzumab-emtansine-kadcyla,Argumenten volledig,Roche
INT-023,intramuraal,Afgerond advies,2020-09-21,Initieel,avelumab (Bavencio®) in combinatie met axitinib,volwassen patiënten met gevorderd niercelcarcinoom,Niet vergoeden,Pakketadvies sluisgeneesmiddel avelumab (Bavencio®) in combinatie met axitinib bij de eerstelijnsbehandeling van volwassen patiënten met gevorderd niercelcarcinoom,https://www.zorginstituutnederland.nl/documenten/2020/09/21/pakketadvies-avelumab-bavencio-in-combinatie-met-axitinib,Argumenten volledig,Merck KGaA / Pfizer
INT-022,intramuraal,Afgerond advies,2020-07-03,Herbeoordeling,ibrutinib (Imbruvica®),volwassen patiënten met chronische lymfatische leukemie (CLL) die niet eerder zijn behandeld,Alleen vergoeden na prijsdaling,Pakketadvies sluisgeneesmiddel ibrutinib (Imbruvica®) voor de behandeling van volwassen patiënten met chronische lymfatische leukemie (CLL) die niet eerder zijn behandeld,https://www.zorginstituutnederland.nl/documenten/2020/07/03/pakketadvies-ibrutinib-imbruvica,Argumenten volledig,Janssen
INT-021,intramuraal,Afgerond advies,2020-06-04,Herbeoordeling,dabrafenib in combinatie met trametinib (Tafinlar® en Mekinist®),de adjuvante behandeling van volwassen patiënten met stadium III melanoom,Alleen vergoeden na prijsdaling,Pakketadvies sluisgeneesmiddel dabrafenib in combinatie met trametinib (Tafinlar® en Mekinist®) bij de adjuvante behandeling van volwassen patiënten met stadium III melanoom (herbeoordeling),https://www.zorginstituutnederland.nl/documenten/2020/06/04/pakketadvies-dabrafenib-trametinib-tafinlar-mekinist,Argumenten volledig,Novartis
INT-020,intramuraal,Afgerond advies,2020-03-19,Indicatie-uitbreiding,olaparib (Lynparza®),eierstokkanker,Vergoeden,Pakketadvies sluisgeneesmiddel olaparib (Lynparza®) voor de onderhoudsbehandeling van eierstokkanker,https://www.zorginstituutnederland.nl/documenten/2020/03/19/pakketadvies-olaparib-lynparza,Argumenten volledig,AstraZeneca
INT-018,intramuraal,Afgerond advies,2020-02-17,Initieel,emicizumab (Hemlibra®),routineprofylaxe van bloedingen bij patiënten met ernstige hemofilie A zonder remmers,Alleen vergoeden na prijsdaling,Pakketadvies sluisgeneesmiddel emicizumab (Hemlibra®) als routineprofylaxe van bloedingen bij patiënten met ernstige hemofilie A zonder remmers,https://www.zorginstituutnederland.nl/documenten/2020/02/17/pakketadvies-emicizumab-hemlibra,Argumenten volledig,Roche
INT-019,intramuraal,Afgerond advies,2020-02-17,Initieel,voretigene neparvovec (Luxturna®),visusverlies door erfelijke retinale dystrofie met bi-allelische RPE65-mutaties,Alleen vergoeden na prijsdaling,Pakketadvies sluisgeneesmiddel voretigene neparvovec (Luxturna®) bij de behandeling van visusverlies door erfelijke retinale dystrofie met bi-allelische RPE65-mutaties,https://www.zorginstituutnederland.nl/documenten/2020/02/17/pakketadvies-voretigene-neparvovec-luxturna,Argumenten volledig,Novartis
INT-017,intramuraal,Afgerond advies,2019-08-28,Indicatie-uitbreiding,dabrafenib in combinatie met trametinib (Tafinlar® en Mekinist®),de adjuvante behandeling van volwassen patiënten met stadium III melanoom,Niet vergoeden,Pakketadvies sluisgeneesmiddelen dabrafenib in combinatie met trametinib (Tafinlar® en Mekinist®) bij de adjuvante behandeling van volwassen patiënten met stadium III melanoom,https://www.zorginstituutnederland.nl/documenten/2019/08/28/pakketadvies-sluisgeneesmiddelen-dabrafenib-in-combinatie-met-trametinib-tafinlar-en-mekinist-bij-de-adjuvante-behandeling-van-volwassen-patienten-met-stadium-iii-melanoom,Argumenten volledig,Novartis
INT-016,intramuraal,Afgerond advies,2019-05-29,Initieel,ipilimumab (Yervoy®) in combinatie met nivolumab (Opdivo®),gevorderd niercelcarcinoom,Alleen vergoeden na prijsdaling,Pakketadvies sluisgeneesmiddelen ipilimumab (Yervoy®) in combinatie met nivolumab (Opdivo®) bij de eerstelijnsbehandeling van gevorderd niercelcarcinoom,https://www.zorginstituutnederland.nl/documenten/2019/05/29/pakketadvies-sluisgeneesmiddelen-ipilimumab-yervoy-in-combinatie-met-nivolumab-opdivo,Argumenten volledig,Bristol Myers Squibb
INT-015,intramuraal,Afgerond advies,2019-05-08,Initieel,venetoclax (Venclyxto®) in combinatie met rituximab,volwassen patiënten met chronische lymfatische leukemie (CLL),Alleen vergoeden na prijsdaling,Pakketadvies sluisgeneesmiddel venetoclax (Venclyxto®) in combinatie met rituximab voor de behandeling van volwassen patiënten met chronische lymfatische leukemie (CLL),https://www.zorginstituutnederland.nl/documenten/2019/05/08/pakketadvies-venetoclax-venclyxto-in-combinatie-met-rituximab,Argumenten volledig,AbbVie
INT-014,intramuraal,Afgerond advies,2019-04-01,Initieel,durvalumab (Imfinzi®),"volwassenen met lokaal gevorderd, irresectabel niet-kleincellig longcarcinoom",Alleen vergoeden na prijsdaling,"Pakketadvies sluisgeneesmiddel durvalumab (Imfinzi®) voor volwassenen met lokaal gevorderd, irresectabel niet-kleincellig longcarcinoom",https://www.zorginstituutnederland.nl/documenten/2019/04/01/pakketadvies-sluisgeneesmiddel-durvalumab-imfinzi-voor-volwassenen-met-lokaal-gevorderd-irresectabel-niet-kleincellig-longcarcinoom,Argumenten volledig,AstraZeneca
INT-011,intramuraal,Afgerond advies,2019-03-07,Initieel,abemaciclib (Verzenios®),"hormoonreceptor-positieve, HER2-negatieve gevorderde of gemetastaseerde borstkanker",Alleen vergoeden na prijsdaling,"Pakketadvies sluisgeneesmiddel abemaciclib (Verzenios®) bij de behandeling van hormoonreceptor-positieve, HER2-negatieve gevorderde of gemetastaseerde borstkanker",https://www.zorginstituutnederland.nl/documenten/2019/03/07/pakketadvies-sluisgeneesmiddel-abemaciclib-verzenios,Argumenten volledig,Eli Lilly
INT-012,intramuraal,Afgerond advies,2019-03-07,Initieel,tisagenlecleucel (Kymriah®),volwassenen met recidief of refractair DLBCL na 2 of meer lijnen systemische therapie,Niet vergoeden,Pakketadvies sluisgeneesmiddel tisagenlecleucel (Kymriah®) voor volwassenen met recidief of refractair DLBCL na 2 of meer lijnen systemische therapie,https://www.zorginstituutnederland.nl/documenten/2019/03/07/pakketadvies-sluisgeneesmiddel-tisagenlecleucel-kymriah,Argumenten volledig,Novartis
INT-013,intramuraal,Afgerond advies,2019-03-07,Initieel,axicabtagene ciloleucel (Yescarta®),volwassenen met recidiverend of refractair DLBCL en PMBCL na 2 of meer lijnen systemische therapie,Alleen vergoeden na prijsdaling,Pakketadvies sluisgeneesmiddel axicabtagene ciloleucel (Yescarta®) voor volwassenen met recidiverend of refractair DLBCL en PMBCL na 2 of meer lijnen systemische therapie,https://www.zorginstituutnederland.nl/documenten/2019/03/07/pakketadvies-sluisgeneesmiddel-axicabtagene-ciloleucel-yescarta,Argumenten volledig,Kite / Gilead
INT-010,intramuraal,Afgerond advies,2018-12-18,Initieel,tisagenlecleucel (Kymriah®),B-cel acute lymfatische leukemie (B-cel ALL) bij kinderen en jongvolwassenen tot 25 jaar,Vergoeden,Pakketadvies sluisgeneesmiddel tisagenlecleucel (Kymriah®) voor de behandeling van B-cel acute lymfatische leukemie (B-cel ALL) bij kinderen en jongvolwassenen tot 25 jaar,https://www.zorginstituutnederland.nl/documenten/2018/12/18/pakketadvies-sluisgeneesmiddel-tisagenlecleucel-kymriah-voor-de-behandeling-van-b-cel-acute-lymfatische-leukemie-b-cel-all-bij-kinderen-en-jongvolwassenen-tot-25-jaar,Argumenten volledig,Novartis
INT-009,intramuraal,Afgerond advies,2018-11-07,Initieel,osimertinib (Tagrisso®),patiënten met gevorderde of gemetastaseerde niet-kleincellige longkanker (NSCLC) met activerende EGFR-mutaties,Alleen vergoeden na prijsdaling,Pakketadvies sluisgeneesmiddel osimertinib (Tagrisso®) bij de eerstelijnsbehandeling van patiënten met gevorderde of gemetastaseerde niet-kleincellige longkanker (NSCLC) met activerende EGFR-mutaties,https://www.zorginstituutnederland.nl/documenten/2018/11/07/pakketadvies-sluisgeneesmiddel-osimertinib-tagrisso-bij-de-eerstelijnsbehandeling-van-patienten-met-gevorderde-of-gemetastaseerde-niet-kleincellige-longkanker-nsclc-met-activerende-egfr-mutaties,Argumenten volledig,AstraZeneca
INT-007,intramuraal,Afgerond advies,2018-02-07,Initieel,atezolizumab (Tecentriq®),gemetastaseerde niet-kleincellige longkanker,Alleen vergoeden na prijsdaling,Pakketadvies sluisgeneesmiddel atezolizumab (Tecentriq®) bij gemetastaseerde niet-kleincellige longkanker,https://www.zorginstituutnederland.nl/documenten/2018/02/07/pakketadvies-atezolizumab-tecentriq-bij-gemetastaseerde-niet-kleincellige-longkanker,Argumenten volledig,Roche
INT-008,intramuraal,Afgerond advies,2018-02-07,Initieel,nusinersen (Spinraza®),spinale musculaire atrofie (SMA),Alleen vergoeden na prijsdaling,Pakketadvies sluisgeneesmiddel nusinersen (Spinraza®) voor de behandeling van spinale musculaire atrofie (SMA),https://www.zorginstituutnederland.nl/documenten/2018/02/07/pakketadvies-nusinersen-spinraza-voor-de-behandeling-van-spinale-musculaire-atrofie-sma,Argumenten volledig,Biogen
INT-006,intramuraal,Afgerond advies,2017-12-21,Initieel,ribociclib (Kisqali®),gemetastaseerde borstkanker,Alleen vergoeden na prijsdaling,Pakketadvies sluisgeneesmiddel ribociclib (Kisqali®) bij gemetastaseerde borstkanker,https://www.zorginstituutnederland.nl/documenten/2017/12/21/pakketadvies-ribociclib-kisqali-bij-gemetastaseerde-borstkanker,Argumenten volledig,Novartis
INT-005,intramuraal,Afgerond advies,2017-11-28,Initieel,daratumumab (Darzalex®),multipel myeloom (ziekte van Kahler),Alleen vergoeden na prijsdaling,Pakketadvies sluisgeneesmiddel daratumumab (Darzalex®) bij multipel myeloom (ziekte van Kahler),https://www.zorginstituutnederland.nl/documenten/2017/11/28/pakketadvies-daratumumab-darzalex-bij-multipel-myeloom,Argumenten volledig,Janssen
INT-004,intramuraal,Afgerond advies,2017-06-08,Initieel,ibrutinib (Imbruvica®),eerstelijnsbehandeling chronische lymfatische leukemie (CLL) bij patiënten die geen del(17p) of TP53-mutatie hebben,Vergoeden onder voorwaarden,Pakketadvies sluisgeneesmiddel ibrutinib (Imbruvica®) bij eerstelijnsbehandeling chronische lymfatische leukemie (CLL) bij patiënten die geen del(17p) of TP53-mutatie hebben,https://www.zorginstituutnederland.nl/documenten/2017/06/08/pakketadvies-ibrutinib-imbruvica-bij-de-eerstelijnsbehandeling-chronische-lymfatische-leukemie-cll-bij-patienten-die-geen-del17p-of-tp53-mutatie-hebben,Argumenten volledig,Janssen
INT-003,intramuraal,Afgerond advies,2017-04-11,Initieel,palbociclib (Ibrance®),patiënten met lokaal gevorderde of gemetastaseerde borstkanker,Alleen vergoeden na prijsdaling,Pakketadvies sluisgeneesmiddel palbociclib (Ibrance®) voor patiënten met lokaal gevorderde of gemetastaseerde borstkanker,https://www.zorginstituutnederland.nl/documenten/2017/04/11/pakketadvies-palbociclib,Argumenten volledig,Pfizer
INT-002,intramuraal,Afgerond advies,2016-12-14,Initieel,pembrolizumab (Keytruda®),niet-kleincellig longkanker,Alleen vergoeden na prijsdaling,Pakketadvies sluisgeneesmiddel pembrolizumab (Keytruda®) bij de behandeling van niet-kleincellig longkanker,https://www.zorginstituutnederland.nl/documenten/2016/12/14/pakketadvies-pembrolizumab-keytruda,Argumenten volledig,MSD
INT-001,intramuraal,Afgerond advies,2015-12-08,Initieel,nivolumab (Opdivo®),gevorderde (plaveiselcel) niet-kleincellige longkanker,Alleen vergoeden na prijsdaling,Pakketadvies sluisgeneesmiddel nivolumab (Opdivo®) bij gevorderde (plaveiselcel) niet-kleincellige longkanker,https://www.zorginstituutnederland.nl/documenten/2015/12/08/pakketadvies-nivolumab-opdivo,Argumenten volledig,Bristol Myers Squibb
INT-160,intramuraal,Afgerond advies,2025-01-27,Pilot / indicatiebreed (voorlopig advies),"daratumumab (Darzalex®), carfilzomib (Kyprolis®) en isatuximab (Sarclisa®) – slotadvies MM-pilot",multipel myeloom (meerdere behandelcombinaties; ziektemodel ESHPM),Alleen vergoeden na prijsdaling,"Advies - onderhandel over een lagere prijs voor daratumumab, carfilzomab en isatuximab voor de behandeling van bepaalde patiënten met multipel myeloom",https://www.zorginstituutnederland.nl/publicaties/adviezen/2025/01/27/pakketadvies-multipel-myeloom-2025,Argumenten volledig,Janssen (daratumumab) / Amgen (carfilzomib) / Sanofi (isatuximab)
INT-161,intramuraal,Afgerond advies,2026-07-14,Indicatie-uitbreiding,"daratumumab (Darzalex®) in combinatie met bortezomib, lenalidomide en dexamethason (D-VRd)",multipel myeloom (nieuw gediagnosticeerd),Alleen vergoeden na prijsdaling,"Advies - vergoed daratumumab (Darzalex®) in combinatie met bortezomib, lenalidomide en dexamethason voor de behandeling van multipel myeloom",https://www.zorginstituutnederland.nl/documenten/2026/07/14/pakketadvies-sluisgeneesmiddel-daratumumab-darzalex-in-combinatie-met-bortezomib-lenalidomide-en-dexamethason-voor-de-behandeling-van-multipel-myeloom,Argumenten volledig,Janssen
INT-162,intramuraal,Afgerond advies,2026-08-05,Herbeoordeling,"daratumumab (Darzalex®) in combinatie met cyclofosfamide, bortezomib en dexamethason","een vorm van amyloïdose (AL-amyloïdose, herbeoordeling)",Alleen vergoeden na prijsdaling,Advies - alleen vergoeden na prijsdaling daratumumab (Darzalex®) voor de behandeling van een vorm van amyloïdose (herbeoordeling),https://www.zorginstituutnederland.nl/documenten/2026/08/05/pakketadvies-sluisgeneesmiddel-herbeoordeling-daratumumab-darzalex-bij-al-amyloidose,Argumenten volledig,Janssen
INT-163,intramuraal,Afgerond advies,2025-07-14,Indicatie-uitbreiding,venetoclax (Venclyxto®) met obinutuzumab,niet eerder behandelde chronische lymfatische leukemie (drie subgroepen),Alleen vergoeden na prijsdaling,Advies - vergoed venetoclax (Venclyxto®) met obinutuzumab voor bepaalde patiënten met niet eerder behandelde leukemie,https://www.zorginstituutnederland.nl/documenten/2025/07/14/pakketadvies-sluisgeneesmiddel-venetoclax-venclyxto-met-obinutuzumab-voor-leukemie,Argumenten volledig,AbbVie
INT-164,intramuraal,Afgerond advies,2020-09-14,Indicatie-uitbreiding,ibrutinib (Imbruvica®) in combinatie met rituximab,macroglobulinemie van Waldenström,Niet vergoeden,Pakketadvies sluisgeneesmiddel ibrutinib (Imbruvica®) in combinatie met rituximab bij macroglobulinemie van Waldenström,https://www.zorginstituutnederland.nl/documenten/2020/09/14/pakketadvies-ibrutinib-imbruvica-bij-de-ziekte-van-waldenstrom,Argumenten volledig,Janssen / AbbVie
INT-165,intramuraal,Afgerond advies,2020-09-21,Herbeoordeling,osimertinib (Tagrisso®),gevorderd/gemetastaseerd EGFR-gemuteerd NSCLC (herbeoordeling 1L-advies 2018),Alleen vergoeden na prijsdaling,Pakketadvies osimertinib (Tagrisso®) bij de behandeling van patiënten met gevorderde of gemetastaseerde niet-kleincellige longkanker (NSCLC) met activerende  EGFR-mutaties (herbeoordeling),https://www.zorginstituutnederland.nl/documenten/2020/09/21/pakketadvies-herbeoordeling-osimertinib-tagrisso,Argumenten volledig,AstraZeneca
INT-166,intramuraal,Afgerond advies,2022-01-25,Herbeoordeling,tisagenlecleucel (Kymriah®),recidiverend/refractair DLBCL (definitief advies na 2019),Alleen vergoeden na prijsdaling,Pakketadvies sluisgeneesmiddel tisagenlecleucel (Kymriah®) bij de behandeling van r/r DLBCL,https://www.zorginstituutnederland.nl/documenten/2022/01/25/pakketadvies-sluisgeneesmiddel-tisagenlecleucel-kymriah-bij-de-behandeling-van-r-r-dlbcl,Argumenten volledig,Novartis
INT-167,intramuraal,Afgerond advies,2024-05-29,Initieel,efgartigimod alfa (Vyvgart®),gegeneraliseerde myasthenia gravis,Alleen vergoeden na prijsdaling,Advies - vergoed efgartigimod alfa (Vyvgart®) voor de behandeling van myasthenia gravis,https://www.zorginstituutnederland.nl/documenten/2024/05/29/pakketadvies-sluisgeneesmiddel-efgartigimod-alfa-vyvgart,Argumenten volledig,argenx
INT-168,intramuraal,Afgerond advies,2024-08-30,Indicatie-uitbreiding,ipilimumab (Yervoy®) in combinatie met nivolumab (Opdivo®) – off-label neoadjuvant (NADINA-schema),"een bepaalde vorm van huidkanker (melanoom, off-label neoadjuvant NADINA-schema)",Vergoeden,Advies - vergoed ipilimumab (Yervoy®) in combinatie met nivolumab (Opdivo®) voor de behandeling van een bepaalde vorm van huidkanker,https://www.zorginstituutnederland.nl/documenten/2024/08/30/pakketadvies-sluisgeneesmiddel-ipilimumab-yervoy,Argumenten volledig,Bristol Myers Squibb
INT-169,intramuraal,Afgerond advies,2016-01-20,Risicogericht pakketbeheer,pertuzumab (Perjeta®),gemetastaseerde HER2+ borstkanker,Alleen vergoeden na prijsdaling,Pakketadvies pertuzumab (Perjeta) bij gemetastaseerde borstkanker,https://www.zorginstituutnederland.nl/documenten/2016/01/20/pakketadvies-pertuzumab-perjeta-bij-gemetastaseerde-borstkanker,Argumenten volledig,Roche
INT-170,intramuraal,Afgerond advies,2016-05-13,Risicogericht pakketbeheer,eculizumab (Soliris®),paroxismale nachtelijke hemoglobinurie (PNH),Niet vergoeden,Pakketadvies eculizumab (Soliris®) bij paroxismale nachtelijke hemoglobinurie (PNH),https://www.zorginstituutnederland.nl/documenten/2016/05/13/pakketadvies-eculizumab-soliris-bij-behandeling-van-pnh-patienten,Argumenten volledig,Alexion
INT-171,intramuraal,Afgerond advies,2016-11-21,Risicogericht pakketbeheer,eculizumab (Soliris®),atypisch hemolytisch-uremisch syndroom (aHUS),Vergoeden onder voorwaarden,Pakketadvies eculizumab (Soliris®) bij behandeling van aHUS-patiënten,https://www.zorginstituutnederland.nl/documenten/2016/11/21/pakketadvies-eculizumab-soliris-bij-behandeling-van-ahus-patienten,Argumenten volledig,Alexion
INT-172,intramuraal,Afgerond advies,2017-06-09,Herbeoordeling,eculizumab (Soliris®),PNH (herbeoordeling; 90%-kortingsadvies),Alleen vergoeden na prijsdaling,eculizumab soliris bij pnh herbeoordeling pakketadvies,https://www.zorginstituutnederland.nl/publicaties/adviezen/2017/06/09/eculizumab-soliris-bij-pnh-herbeoordeling-pakketadvies,Index,Alexion
INT-173,intramuraal,Afgerond advies,2015-03-23,Risicogericht pakketbeheer,panitumumab (Vectibix®),gemetastaseerd coloncarcinoom,Vergoeden onder voorwaarden,Pakketadvies panitumumab (Vectibix®) bij gemetastaseerd coloncarcinoom,https://www.zorginstituutnederland.nl/documenten/2015/03/23/pakketadvies-panitumumab-vectibix-bij-gemetastaseerd-coloncarcinoom,Argumenten volledig,Amgen
INT-174,intramuraal,Afgerond advies,2015-03-23,Risicogericht pakketbeheer,cetuximab (Erbitux®),gemetastaseerd coloncarcinoom,Vergoeden onder voorwaarden,Pakketadvies cetuximab (Erbitux®) bij gemetastaseerd coloncarcinoom,https://www.zorginstituutnederland.nl/documenten/2015/03/23/pakketadvies-cetuximab-erbitux-bij-gemetastaseerd-coloncarcinoom,Argumenten volledig,Merck KGaA
GVS-001,GVS,Lopend,,Initieel,givinostat (Duvyzat®),de ziekte van Duchenne,,Advies - wel of niet vergoeden givinostat (Duvyzat®) voor de behandeling van de ziekte van Duchenne,https://www.zorginstituutnederland.nl/werkagenda/botten-gewrichten-en-spieren/gvs-advies-givinostat-duvyzat-voor-de-behandeling-van-de-ziekte-van-duchenne,Index,
GVS-002,GVS,Lopend,,Herbeoordeling,elexacaftor/tezacaftor/ivacaftor (Kaftrio®) in combinatie met ivacaftor (Kalydeco®),taaislijmziekte,,Advies - herbeoordeling kosteneffectiviteit uitbreiden vergoedingsvoorwaarden elexacaftor/tezacaftor/ivacaftor (Kaftrio®) in combinatie met ivacaftor (Kalydeco®) voor de behandeling van taaislijmziekte,https://www.zorginstituutnederland.nl/werkagenda/hart-vaat-en-long/gvs-advies-elexacaftor-tezacaftor-ivacaftor-kaftrio-icmivacaftor-kalydeco-bij-cf-herbeoordeling-fe,Index,
GVS-003,GVS,Lopend,,Initieel,sotatercept (Winrevair®),hoge bloeddruk in de longvaten,,Advies - wel of niet vergoeden sotatercept (Winrevair®) voor de behandeling van hoge bloeddruk in de longvaten,https://www.zorginstituutnederland.nl/werkagenda/hart-vaat-en-long/gvs-advies-sotatercept-winrevair-voor-hoge-bloeddruk-in-de-longvaten,Index,
GVS-004,GVS,Lopend,,Initieel,polihexanide (Akantior®),hoornvliesontsteking,,Advies - wel of niet vergoeden polihexanide (Akantior®) voor de behandeling van hoornvliesontsteking,https://www.zorginstituutnederland.nl/werkagenda/infectieziekten/gvs-advies-polihexanide-akantior-voor-de-behandeling-van-hoornvliesontsteking,Index,
GVS-005,GVS,Lopend,,Initieel,RSV-vaccins,een ernstig beloop van een RSV-infectie bij medische risicogroepen,,Advies - wel of niet vergoeden RSV-vaccins voor de preventie van een ernstig beloop van een RSV-infectie bij medische risicogroepen,https://www.zorginstituutnederland.nl/werkagenda/infectieziekten/gvs-advies-rsv-vaccins-voor-de-preventie-van-een-ernstig-beloop-van-een-rsv-infectie-bij-medische-risicogroepen,Index,
GVS-006,GVS,Lopend,,Positie in GVS / cluster,"digoxine (Lanoxin®), testosteron (Sustanon®) en thiamazol (Strumazol®)",,,"Advies - plaats van digoxine (Lanoxin®), testosteron (Sustanon®) en thiamazol (Strumazol®) in het GVS",https://www.zorginstituutnederland.nl/werkagenda/overige-onderwerpen/gvs-advies-plaats-digoxine-lanoxin-testosteron-sustanon-en-thiamazol-strumazol,Index,
GVS-007,GVS,Lopend,,Uitstroom / herbeoordeling bestaand middel,mebeverine (Duspatal®),prikkelbaredarmsyndroom,,Advies - wel of niet blijven vergoeden mebeverine (Duspatal®) voor de behandeling van prikkelbaredarmsyndroom,https://www.zorginstituutnederland.nl/werkagenda/spijsvertering/gvs-advies-mebeverine-duspatal-bij-prikkelbaredarmsyndroom,Index,
GVS-008,GVS,Lopend,,Initieel,seladelpar (Lyvdelzi®),primaire biliaire cholangitis (PBC),,Advies - wel of niet vergoeden seladelpar (Lyvdelzi®) voor de behandeling van primaire biliaire cholangitis (PBC),https://www.zorginstituutnederland.nl/werkagenda/spijsvertering/gvs-advies-seladelpar-lyvdelzi-bij-primaire-biliaire-cholangitis-pbc,Index,
GVS-009,GVS,Lopend,,Initieel,semaglutide (Wegovy®),obesitas,,Advies - wel of niet vergoeden semaglutide (Wegovy®) voor de behandeling van obesitas,https://www.zorginstituutnederland.nl/werkagenda/stofwisseling-en-hormoonhuishouding/gvs-advies-semaglutide-wegovy-voor-de-behandeling-van-obesitas,Index,
GVS-010,GVS,Lopend,,Initieel,tirzepatide (Mounjaro®),obesitas,,Advies - wel of niet vergoeden tirzepatide (Mounjaro®) voor de behandeling van obesitas,https://www.zorginstituutnederland.nl/werkagenda/stofwisseling-en-hormoonhuishouding/gvs-advies-tirzepatide-mounjaro-voor-de-behandeling-van-obesitas,Index,
GVS-011,GVS,Lopend,,Initieel,rimegepant (Vydura®),episodische migraine,,Advies - wel of niet vergoeden rimegepant (Vydura®) voor de behandeling van episodische migraine,https://www.zorginstituutnederland.nl/werkagenda/zenuwstelsel/gvs-advies-rimegepant-vydura-bij-episodische-migraine,Index,
GVS-012,GVS,Lopend,,Initieel,beremagene geperpavec (Vyjuvek®),epidermolysis bullosa,,Advies - wel of niet vergoeden beremagene geperpavec (Vyjuvek®) voor de behandeling van epidermolysis bullosa,https://www.zorginstituutnederland.nl/werkagenda/zintuigen-huid-en-haar/gvs-advies-beremagene-geperpavec-vyjuvek-voor-de-behandeling-van-epidermolysis-bullosa,Index,
GVS-013,GVS,Lopend,,Initieel,ruxolitinib-crème (Opzelura®),huidaandoening vitiligo in het gezicht,,Advies - wel of niet vergoeden ruxolitinib-crème (Opzelura®) voor de behandeling van huidaandoening vitiligo in het gezicht,https://www.zorginstituutnederland.nl/werkagenda/zintuigen-huid-en-haar/gvs-advies-ruxolitinib-creme-opzelura-voor-de-behandeling-van-huidaandoening-vitiligo-in-het-gezicht,Index,
GVS-014,GVS,Lopend,,Initieel,tezepelumab (Tezspire ®),neuspoliepen,,Advies - wel of niet vergoeden tezepelumab (Tezspire ®) voor de behandeling van neuspoliepen,https://www.zorginstituutnederland.nl/werkagenda/zintuigen-huid-en-haar/gvs-advies-tezepelumab-tezspire-voor-de-behandeling-van-neuspoliepen,Index,
GVS-015,GVS,Lopend,,Initieel,upadacitinib (Rinvoq®),alopecia areata,,Advies - wel of niet vergoeden upadacitinib (Rinvoq®) voor de behandeling van alopecia areata,https://www.zorginstituutnederland.nl/werkagenda/zintuigen-huid-en-haar/gvs-advies-upadacitinib-rinvoq-voor-alopecia-areata,Index,
GVS-016,GVS,Lopend,,Initieel,elinzanetant (Lynkuent®),vasomotorische symptomen door hormoontherapie bij borstkanker,,Advies - wel of niet vergoeden elinzanetant (Lynkuent®) voor de behandeling van vasomotorische symptomen door hormoontherapie bij borstkanker,https://www.zorginstituutnederland.nl/werkagenda/zwangerschap-geboorte-en-gynaecologische-aandoeningen/gvs-advies-elinzanetant-lynkuent-voor-de-behandeling-van-vasomotorische-symptomen-door-hormoontherapie-bij-borstkanker,Index,
GVS-101,GVS,Afgerond advies,2015-03-12,Initieel,dulaglutide (Trulicity®),diabetes mellitus type 2,Opnemen bijlage 1A,GVS-advies dulaglutide (Trulicity®) bij diabetes mellitus type 2,https://www.zorginstituutnederland.nl/documenten/2015/03/12/gvs-advies-dulaglutide-trulicity-bij-diabetes-mellitus-type-2,Argumenten volledig,Eli Lilly
GVS-102,GVS,Afgerond advies,2015-03-23,Initieel,lomitapide (Lojuxta®),homozygote familiaire hypercholesterolemie (HoFH),Opnemen na prijsonderhandeling,GVS-advies lomitapide (Lojuxta®) bij homozygote familiaire hypercholesterolemie (HoFH),https://www.zorginstituutnederland.nl/documenten/2015/03/23/gvs-advies-lomitapide-lojuxta-bij-homozygote-familiaire-hypercholesterolemie-hofhlomitapide-lojuxta-bij-homozygote-familiaire-hypercholesterolemie-hofh,Argumenten volledig,Aegerion (later Amryt / Chiesi)
GVS-103,GVS,Afgerond advies,2015-05-18,Initieel,sofosbuvir/ledipasvir (Harvoni®),chronische hepatitis C,Opnemen na prijsonderhandeling,GVS-advies sofosbuvir/ledipasvir (Harvoni®) bij chronische hepatitis C,https://www.zorginstituutnederland.nl/documenten/2015/05/18/gvs-advies-sofosbuvir-ledipasvir-harvoni-bij-chronische-hepatitis-c,Argumenten volledig,Gilead
GVS-104,GVS,Afgerond advies,2015-06-22,Initieel,ombitasvir/paritaprevir/ritonavir (Viekirax®) en dasabuvir (Exviera®),chronische hepatitis C,Opnemen na prijsonderhandeling,GVS-advies ombitasvir/paritaprevir/ritonavir  (Viekirax®) en dasabuvir (Exviera®) bij chronische hepatitis C,https://www.zorginstituutnederland.nl/publicaties/adviezen/2015/06/22/gvs-advies-ombitasvir-paritaprevir-ritonavir-en-dasabuvir-viekirax-en-exviera-bij-chronische-hepatitis-c,Argumenten volledig,AbbVie
GVS-105,GVS,Afgerond advies,2015-07-06,Herbeoordeling,rivaroxaban (Xarelto®),"diepveneuze trombose, pulmonale embolie en preventie van recidief DVT en PE",Opnemen met bijlage 2-voorwaarden,"GVS-advies rivaroxaban (Xarelto®) bij diepveneuze trombose, pulmonale embolie en preventie van recidief DVT en PE",https://www.zorginstituutnederland.nl/documenten/2015/07/06/gvs-addies-rivaroxaban-xarelto-bij-diepveneuze-trombose-pulmonale-embolie-en-preventie-van-recidief-dvt-en-pe,Argumenten volledig,Bayer
GVS-106,GVS,Afgerond advies,2015-09-16,Initieel,brimonidine (Mirvaso®),symptomatische behandeling van erytheem in het gezicht als gevolg van rosacea bij volwassen patiënten,Niet opnemen,GVS-advies brimonidine (Mirvaso®) voor symptomatische behandeling van erytheem in het gezicht als gevolg van rosacea bij volwassen patiënten,https://www.zorginstituutnederland.nl/documenten/2015/09/16/gvs-advies-brimonidine-mirvaso,Argumenten volledig,Galderma
GVS-107,GVS,Afgerond advies,2015-10-26,Initieel,ivermectine (Soolantra®),inflammatoire laesies als gevolg van rosacea,Opnemen bijlage 1A,GVS-advies ivermectine (Soolantra®) bij inflammatoire laesies als gevolg van rosacea,https://www.zorginstituutnederland.nl/documenten/2015/10/26/gvs-advies-ivermectine-soolantra-bij-inflammatoire-laesies-als-gevolg-van-rosacea,Argumenten volledig,Galderma
GVS-108,GVS,Afgerond advies,2015-10-26,Herbeoordeling,oxycodon/naloxon (Targinact®),laxans-refractaire opioïd geïnduceerde obstipatie,Niet opnemen,GVS-advies oxycodon/naloxon (Targinact®) bij laxans-refractaire opioïd geïnduceerde obstipatie,https://www.zorginstituutnederland.nl/documenten/2015/10/26/gvs-advies-oxycodon-naloxon-targinact,Argumenten volledig,Mundipharma
GVS-109,GVS,Afgerond advies,2015-12-14,Initieel,evolocumab (Repatha®),hypercholesterolemie en gemengde dyslipidemiehomozygote familiaire hypercholesterolemie,Opnemen na prijsonderhandeling,GVS-advies evolocumab (Repatha®) bij hypercholesterolemie en gemengde dyslipidemiehomozygote familiaire hypercholesterolemie,https://www.zorginstituutnederland.nl/publicaties/adviezen/2015/12/14/gvs-advies-evolocumab-repatha-bij-hypercholesterolemie-en-gemengde-dyslipidemiehomozygote-familiaire-hypercholesterolemie,Argumenten volledig,Amgen
GVS-110,GVS,Afgerond advies,2015-12-14,Initieel,evolocumab (Repatha®),hypercholesterolemie en gemengde dyslipidemiehomozygote familiaire hypercholesterolemie,Opnemen na prijsonderhandeling,GVS-advies evolocumab repatha bij hypercholesterolemie en gemengde dyslipidemiehomozygote familiaire hypercholesterolemie,https://www.zorginstituutnederland.nl/documenten/2015/12/14/gvs-advies-evolocumab-repatha-bij-hypercholesterolemie-en-gemengde-dyslipidemiehomozygote-familiaire-hypercholesterolemie,Basisgegevens,
GVS-111,GVS,Afgerond advies,2016-02-04,Initieel,combinatiepreparaat elvitegravir/cobicistat/emtricitabine/tenofovir alafenamide (Genvoya®),patiënten van 12 jaar en ouder met hiv-1,Opnemen bijlage 1B,GVS-advies combinatiepreparaat elvitegravir/cobicistat/emtricitabine/tenofovir alafenamide (Genvoya®) voor de behandeling van patiënten van 12 jaar en ouder met hiv-1,https://www.zorginstituutnederland.nl/documenten/2016/02/04/gvs-advies-combinatiepreparaat-elvitegravir-cobicistat-emtricitabine-tenofovir-alafenamide-genvoya-voor-de-behandeling-van-patienten-van-12-jaar-en-ouder-met-hiv-1,Argumenten volledig,Gilead
GVS-112,GVS,Afgerond advies,2016-03-08,Bijlage 2-wijziging,"Thiosix, aanpassing nadere voorwaarden",,Opnemen met bijlage 2-voorwaarden,"Nader advies Thiosix, aanpassing nadere voorwaarden",https://www.zorginstituutnederland.nl/documenten/2016/03/08/nader-advies-thiosix-aanpassing-nadere-voorwaarden,Argumenten volledig,Teva
GVS-113,GVS,Afgerond advies,2016-03-30,Initieel,alirocumab (Praluent®),primaire hypercholesterolemie,Opnemen na prijsonderhandeling,GVS-advies alirocumab (Praluent®) bij primaire hypercholesterolemie,https://www.zorginstituutnederland.nl/documenten/2016/03/30/gvs-advies-alirocumab-praluent-bij-primaire-hypercholesterolemie,Argumenten volledig,Sanofi
GVS-114,GVS,Afgerond advies,2016-04-14,Herbeoordeling,rifaximine (Xifaxan),manifeste hepatische encefalopathie,Opnemen met bijlage 2-voorwaarden,Herbeoordeling rifaximine (Xifaxan) bij manifeste hepatische encefalopathie,https://www.zorginstituutnederland.nl/documenten/2016/04/14/herbeoordeling-rifaximine-xifaxan-bij-manifeste-hepatische-encefalopathie,Argumenten volledig,Norgine
GVS-115,GVS,Afgerond advies,2016-05-13,Initieel,lumacaftor/ivacaftor (Orkambi®),cystische fibrose (CF) bij patiënten van 12 jaar en ouder die homozygoot zijn voor de F508del-mutatie in het CFTR-gen,Niet opnemen,GVS-advies lumacaftor/ivacaftor (Orkambi®) bij cystische fibrose (CF) bij patiënten van 12 jaar en ouder die homozygoot zijn voor de F508del-mutatie in het CFTR-gen,https://www.zorginstituutnederland.nl/documenten/2016/05/13/gvs-advies-lumacaftor-ivacaftor-orkambi-bij-cystische-fibrose-cf-bij-patienten-van-12-jaar-en-ouder-die-homozygoot-zijn-voor-de-f508del-mutatie-in-het-cftr-gen,Argumenten volledig,Vertex
GVS-116,GVS,Afgerond advies,2016-07-12,Bijlage 2-wijziging,wijziging bijlage 2 voorwaarde fingolimod (Gilenya®),actieve relapse-remitting multiple sclerose (RRMS),Opnemen met bijlage 2-voorwaarden,GVS-advies wijziging bijlage 2 voorwaarde fingolimod (Gilenya®) bij actieve relapse-remitting multiple sclerose (RRMS),https://www.zorginstituutnederland.nl/documenten/2016/07/12/wijziging-bijlage-2-voorwaarde-fingolimod-gilenya-bij-actieve-relapse-remitting-multiple-sclerose-rrms,Argumenten volledig,Novartis
GVS-117,GVS,Afgerond advies,2016-07-18,Initieel,guanfacine (Intuniv®),ADHD,Opnemen bijlage 1A,GVS-advies guanfacine (Intuniv®) bij ADHD,https://www.zorginstituutnederland.nl/documenten/2016/07/18/gvs-advies-guanfacine-intuniv-bij-adhd,Argumenten volledig,Shire (Takeda)
GVS-118,GVS,Afgerond advies,2016-08-04,Initieel,emtricitabine/tenofovir alafenamide (Descovy®),patiënten van 12 jaar en ouder met hiv-1,Opnemen bijlage 1B,GVS-advies emtricitabine/tenofovir alafenamide (Descovy®) voor de behandeling van patiënten van 12 jaar en ouder met hiv-1,https://www.zorginstituutnederland.nl/documenten/2016/08/04/gvs-advies-emtricitabine-tenofovir-alafenamide-descovy-voor-de-behandeling-van-patienten-van-12-jaar-en-ouder-met-hiv-1,Argumenten volledig,Gilead
GVS-119,GVS,Afgerond advies,2016-08-22,Initieel,combinatiepreparaat rilpivirine/emtricitabine/tenofovir alafenamide (Odefsey®),patiënten van 12 jaar en ouder met hiv-1,Opnemen bijlage 1B,GVS-advies combinatiepreparaat rilpivirine/emtricitabine/tenofovir alafenamide (Odefsey®) voor de behandeling van patiënten van 12 jaar en ouder met hiv-1,https://www.zorginstituutnederland.nl/documenten/2016/08/22/gvs-advies-combinatiepreparaat-rilpivirine-emtricitabine-tenofovir-alafenamide-odefsey-voor-de-behandeling-van-patienten-van-12-jaar-en-ouder-met-hiv-1,Argumenten volledig,Gilead
GVS-120,GVS,Afgerond advies,2016-09-13,Initieel,"estradiol tabletten 0,5 mg (Cetura®)",puberteitsinductie bij meisjes,Opnemen bijlage 1B,"GVS-advies estradiol tabletten 0,5 mg (Cetura®) bij puberteitsinductie bij meisjes",https://www.zorginstituutnederland.nl/documenten/2016/09/13/gvs-advies-estradiol-tabletten-05-mg-cetura-bij-puberteitsinductie-bij-meisjes,Argumenten volledig,Onbekend (niet in brief vermeld)
GVS-121,GVS,Afgerond advies,2016-09-22,Uitbreiding voorwaarden,uitbreiding bijlage 2 voorwaarden GLP-1-agonisten,diabetes mellitus type 2,Opnemen met bijlage 2-voorwaarden,GVS-advies uitbreiding bijlage 2 voorwaarden GLP-1-agonisten bij diabetes mellitus type 2,https://www.zorginstituutnederland.nl/documenten/2016/09/22/gvs-advies-uitbreiding-bijlage-2-voorwaarden-glp-1-agonisten-bij-diabetes-mellitus-type-2,Argumenten volledig,"Klassebreed: AstraZeneca (exenatide), Novo Nordisk (liraglutide, Xultophy), Sanofi (lixisenatide), GSK (albiglutide), Lilly (dulaglutide)"
GVS-122,GVS,Afgerond advies,2016-09-29,Initieel,eliglustat (Cerdelga®),ziekte van Gaucher (type 1),Opnemen na prijsonderhandeling,GVS-advies eliglustat (Cerdelga®) bij ziekte van Gaucher (type 1),https://www.zorginstituutnederland.nl/documenten/2016/09/29/gvs-advies-eliglustat-cerdelga-bij-ziekte-van-gaucher-type-1,Argumenten volledig,Genzyme / Sanofi
GVS-123,GVS,Afgerond advies,2016-11-07,Initieel,sofosbuvir/velpatasvir (Epclusa®),chronische hepatitis C,Opnemen na prijsonderhandeling,GVS-advies sofosbuvir/velpatasvir (Epclusa®) bij chronische hepatitis C,https://www.zorginstituutnederland.nl/documenten/2016/11/07/gvs-advies-sofosbuvir-velpatasvir-epclusa-bij-chronische-hepatitis-c,Argumenten volledig,Gilead
GVS-124,GVS,Afgerond advies,2016-11-07,Initieel,elbasvir/grazoprevir (Zepatier®),chronische hepatitis C,Opnemen na prijsonderhandeling,GVS-advies elbasvir/grazoprevir (Zepatier®) bij chronische hepatitis C,https://www.zorginstituutnederland.nl/documenten/2016/11/07/gvs-advies-elbasvir-grazoprevir-zepatier-bij-chronische-hepatitis-c,Argumenten volledig,MSD
GVS-125,GVS,Afgerond advies,2016-11-24,Initieel,netupitant/palonosetron (Akynzeo®),misselijkheid en braken bij matig of sterk emetogene chemotherapie,Opnemen bijlage 1B,GVS-advies netupitant/palonosetron (Akynzeo®) voor de preventie van misselijkheid en braken bij matig of sterk emetogene chemotherapie,https://www.zorginstituutnederland.nl/documenten/2016/11/24/gvs-advies-netupitant-palonosetron-akynzeo-voor-de-preventie-van-misselijkheid-en-braken-bij-matig-of-sterk-emetogene-chemotherapie,Argumenten volledig,Helsinn
GVS-126,GVS,Afgerond advies,2016-11-24,Uitbreiding voorwaarden,eltrombopag (Revolade®),cITP: aanpassing nadere voorwaarde,Opnemen met bijlage 2-voorwaarden,GVS-advies eltrombopag (Revolade®) bij cITP: aanpassing nadere voorwaarde,https://www.zorginstituutnederland.nl/publicaties/adviezen/2016/11/24/gvs-advies-eltrombopag-revolade-bij-citp-aanpassing-nadere-voorwaarde,Argumenten volledig,Novartis
GVS-127,GVS,Afgerond advies,2016-12-05,Herbeoordeling,tolvaptan (Jinarc®),cyste-ontwikkeling en nierinsufficiëntie bij ADPKD met chronische nierziekte (CKD),Opnemen met bijlage 2-voorwaarden,GVS-advies tolvaptan (Jinarc®) bij cyste-ontwikkeling en nierinsufficiëntie bij ADPKD met chronische nierziekte (CKD) (herbeoordeling),https://www.zorginstituutnederland.nl/documenten/2016/12/05/gvs-advies-tolvaptan-jinarc-bij-cyste-ontwikkeling-en-nierinsufficientie-bij-adpkd-herbeoordeling,Argumenten volledig,Otsuka
GVS-128,GVS,Afgerond advies,2016-12-15,Herbeoordeling,lumacaftor/ivacaftor (Orkambi®),cystische fibrose (CF) bij patiënten van 12 jaar en ouder die homozygoot zijn voor de F508del-mutatie in het CFTR-gen,Opnemen na prijsonderhandeling,GVS-advies lumacaftor/ivacaftor (Orkambi®) bij cystische fibrose (CF) bij patiënten van 12 jaar en ouder die homozygoot zijn voor de F508del-mutatie in het CFTR-gen (herbeoordeling),https://www.zorginstituutnederland.nl/documenten/2016/12/15/gvs-advies-lumacaftor-ivacaftor-orkambi-bij-cystische-fibrose-cf-bij-patienten-van-12-jaar-en-ouder-die-homozygoot-zijn-voor-de-f508del-mutatie-in-het-cftr-gen-herbeoordeling,Argumenten volledig,Vertex
GVS-129,GVS,Afgerond advies,2016-12-19,Initieel,daclizumab (Zinbryta®),relapsing (recidiverende) vormen van multiple sclerose (RMS),Opnemen bijlage 1A,GVS-advies daclizumab (Zinbryta®) bij relapsing (recidiverende) vormen van multiple sclerose (RMS),https://www.zorginstituutnederland.nl/documenten/2016/12/19/gvs-advies-daclizumab-zinbryta-bij-relapsing-recidiverende-vormen-van-multiple-sclerose-rms,Argumenten volledig,Biogen (AbbVie)
GVS-130,GVS,Afgerond advies,2017-03-23,Initieel,cysteamine met vertraagde afgifte (Procysbi®),nefropathische cystinose,Opnemen bijlage 1A,GVS-advies cysteamine met vertraagde afgifte (Procysbi®) bij nefropathische cystinose,https://www.zorginstituutnederland.nl/documenten/2017/03/23/gvs-advies-cysteamine-met-vertraagde-afgifte-procysbi-bij-nefropathische-cystinose,Argumenten volledig,Chiesi (Raptor)
GVS-131,GVS,Afgerond advies,2017-04-25,Initieel,migalastat (Galafold®),de ziekte van Fabry met een behandelbare α-galactosidase A (GLA)-mutatie,Niet opnemen,GVS-advies migalastat (Galafold®) bij de ziekte van Fabry met een behandelbare α-galactosidase A (GLA)-mutatie,https://www.zorginstituutnederland.nl/documenten/2017/04/25/migalastat-gvs-advies,Argumenten volledig,Amicus Therapeutics
GVS-132,GVS,Afgerond advies,2017-04-26,Initieel,Tenofovir alafenamide (Vemlidy®),chronische hepatitis B virusinfectie,Opnemen bijlage 1B,Tenofovir alafenamide (Vemlidy®) bij chronische hepatitis B virusinfectie (GVS-advies),https://www.zorginstituutnederland.nl/documenten/2017/04/26/tenofovir-alafenamide-gvs-advies,Argumenten volledig,Gilead
GVS-133,GVS,Afgerond advies,2017-05-29,Herbeoordeling,elosulfase alfa (Vimizim®),Morquio A syndroom,Niet opnemen,Herbeoordeling elosulfase alfa (Vimizim®) bij de behandeling van Morquio A syndroom,https://www.zorginstituutnederland.nl/documenten/2017/05/29/herbeoordeling-elosulfase-alfa-vimizim-bij-de-behandeling-van-morquio-a-syndroom,Argumenten volledig,BioMarin
GVS-134,GVS,Afgerond advies,2017-06-26,Herbeoordeling,dolutegravir (Tivicay®),hiv-1 - herbeoordeling,Opnemen met bijlage 2-voorwaarden,GVS-advies dolutegravir (Tivicay®) bij de behandeling van hiv-1 - herbeoordeling,https://www.zorginstituutnederland.nl/documenten/2017/06/26/gvs-advies-dolutegravir-tivicay-bij-de-behandeling-van-infectie-met-humaan-immunodeficientie-virus-hiv-1---herbeoordeling,Argumenten volledig,ViiV Healthcare
GVS-135,GVS,Afgerond advies,2017-07-24,Initieel,naloxegol (Moventig®),door opioïden geïnduceerde constipatie,Opnemen bijlage 1B,GVS-advies naloxegol (Moventig®)  bij de behandeling van door opioïden geïnduceerde constipatie,https://www.zorginstituutnederland.nl/documenten/2017/07/24/gvs-advies-naloxegol-moventig-bij-de-behandeling-van-door-opioiden-geinduceerde-constipatie,Argumenten volledig,Kyowa Kirin (AstraZeneca)
GVS-136,GVS,Afgerond advies,2017-07-24,Initieel,Acarizax®,allergische rhinitis door huisstofmijt,Opnemen bijlage 1B,GVS-advies Acarizax® bij allergische rhinitis door huisstofmijt,https://www.zorginstituutnederland.nl/documenten/2017/07/24/gvs-advies-acarizax-bij-allergische-rhinitis-door-huisstofmijt,Argumenten volledig,ALK-Abelló
GVS-137,GVS,Afgerond advies,2017-09-12,Initieel,glycerolfenylbutyraat (Ravicti®),ureumcyclusstoornissen (UCD),Opnemen bijlage 1A,GVS-advies glycerolfenylbutyraat (Ravicti®) bij ureumcyclusstoornissen (UCD),https://www.zorginstituutnederland.nl/documenten/2017/09/12/gvs-advies-glycerolfenylbutyraat-ravicti,Argumenten volledig,Horizon Pharma
GVS-138,GVS,Afgerond advies,2017-09-12,Initieel,hydrocortison met gereguleerde afgifte (Plenadren®) bijnierschorsinsufficiëntie (bijnierschorshypofunctie),volwassenen,Opnemen bijlage 1A,GVS-advies hydrocortison met gereguleerde afgifte (Plenadren®) bijnierschorsinsufficiëntie (bijnierschorshypofunctie) bij volwassenen,https://www.zorginstituutnederland.nl/documenten/2017/09/12/gvs-advies-hydrocortison-met-gereguleerde-afgifte-plenadren,Argumenten volledig,Shire (Takeda)
GVS-139,GVS,Afgerond advies,2017-10-09,Initieel,Trimbow® (aërosol combinatiepreparaat),bepaalde groep patiënten met COPD,Opnemen bijlage 1B,GVS-advies Trimbow® (aërosol combinatiepreparaat) voor bepaalde groep patiënten met COPD,https://www.zorginstituutnederland.nl/documenten/2017/10/09/gvs-advies-trimbow-aerosol-combinatiepreparaat-voor-bepaalde-groep-patienten-met-copd,Argumenten volledig,Chiesi
GVS-140,GVS,Afgerond advies,2017-10-17,Initieel,glecaprevir/pibrentasvir (Maviret®),chronische hepatitis C,Opnemen na prijsonderhandeling,GVS-advies glecaprevir/pibrentasvir (Maviret®) bij chronische hepatitis C,https://www.zorginstituutnederland.nl/documenten/2017/10/17/gvs-advies-glecaprevir-pibrentasvir-maviret-bij-chronische-hepatitis-c,Argumenten volledig,AbbVie
GVS-141,GVS,Afgerond advies,2017-10-20,Initieel,idebenon (Raxone®),verminderd gezichtsvermogen bij adolescente en volwassen patiënten met opticusneuropathie van Leber (LHON),Opnemen met bijlage 2-voorwaarden,GVS-advies idebenon (Raxone®) bij verminderd gezichtsvermogen bij adolescente en volwassen patiënten met opticusneuropathie van Leber (LHON),https://www.zorginstituutnederland.nl/documenten/2017/10/20/gvs-advies-idebenon-raxone-bij-verminderd-gezichtsvermogen-bij-adolescente-en-volwassen-patienten-met-opticusneuropathie-van-leber-lhon,Argumenten volledig,Santhera
GVS-142,GVS,Afgerond advies,2017-11-28,Initieel,FNA product hydrocortison vaselinecrème DMB 1%,"oppervlakkige steroïdgevoelige, niet-infectieuze huidaandoeningen (dermatosen)",Opnemen bijlage 1A,"GVS-advies FNA product hydrocortison vaselinecrème DMB 1% bij oppervlakkige steroïdgevoelige, niet-infectieuze huidaandoeningen (dermatosen)",https://www.zorginstituutnederland.nl/documenten/2017/11/28/gvs-advies-hydrocortison-vaselinecreme-dmb-1-fna-bij-oppervlakkige-steroidgevoelige-niet-infectieuze-dermatosen,Argumenten volledig,Tiofarma (geregistreerd FNA-product)
GVS-143,GVS,Afgerond advies,2017-11-28,Initieel,FNA producten zure oordruppels hydrocortison Tiofarma en zure oordruppels triamcinolonacetonide Tiofarma,gehoorgangontsteking (otitis externa),Opnemen bijlage 1B,GVS-advies FNA producten zure oordruppels hydrocortison Tiofarma en zure oordruppels triamcinolonacetonide Tiofarma bij gehoorgangontsteking (otitis externa),https://www.zorginstituutnederland.nl/documenten/2017/11/28/gvs-advies-oordruppels-bij-gehoorgangontsteking-otitis-externa,Argumenten volledig,Tiofarma (geregistreerde FNA-producten)
GVS-144,GVS,Afgerond advies,2017-11-28,Initieel,ataluren (Translarna®),Spierdystrofie van Duchenne (nmDMD),Niet opnemen,GVS-advies ataluren (Translarna®) bij de behandeling van Spierdystrofie van Duchenne (nmDMD),https://www.zorginstituutnederland.nl/documenten/2017/11/28/gvs-advies-ataluren-translarna-bij-de-behandeling-van-spierdystrofie-van-duchenne-nmdmd,Argumenten volledig,PTC Therapeutics
GVS-145,GVS,Afgerond advies,2017-11-29,Initieel,ataluren (Translarna®),spierdystrofie van duchenne nmdmd,,GVS-advies ataluren translarna bij de behandeling van spierdystrofie van duchenne nmdmd,https://www.zorginstituutnederland.nl/publicaties/adviezen/2017/11/29/gvs-advies-ataluren-translarna-bij-de-behandeling-van-spierdystrofie-van-duchenne-nmdmd,Index,
GVS-146,GVS,Afgerond advies,2018-01-04,Initieel,viskeuze cysteamine oogdruppels (Cystadrops®),cystinose,Opnemen bijlage 1B,GVS-advies viskeuze cysteamine oogdruppels (Cystadrops®) bij cystinose,https://www.zorginstituutnederland.nl/documenten/2018/01/04/gvs-advies-viskeuze-cysteamine-oogdruppels-cystadrops-bij-cystinose,Argumenten volledig,Recordati (Orphan Europe)
GVS-147,GVS,Afgerond advies,2018-01-16,Initieel,sofosbuvir/velpatasvir/voxilaprevir (Vosevi®),chronische hepatitis C,Opnemen na prijsonderhandeling,GVS-advies sofosbuvir/velpatasvir/voxilaprevir (Vosevi®) bij chronische hepatitis C,https://www.zorginstituutnederland.nl/documenten/2018/01/16/gvs-advies-sofosbuvir-velpatasvir-voxilaprevir-vosevi-bij-chronische-hepatitis-c,Argumenten volledig,Gilead
GVS-148,GVS,Afgerond advies,2018-01-18,Uitbreiding voorwaarden,evolocumab (Repatha®) aanpassing bijlage 2 voorwaarden,,Anders,GVS-advies evolocumab (Repatha®) aanpassing bijlage 2 voorwaarden,https://www.zorginstituutnederland.nl/documenten/2018/01/18/gvs-advies-evolocumab-repatha-aanpassing-bijlage-2-voorwaarden,Argumenten volledig,Amgen
GVS-149,GVS,Afgerond advies,2018-01-24,Initieel,cladribine (Mavenclad®),Relapsing Remitting Multiple Sclerose (RRMS),Opnemen bijlage 1A,GVS-advies cladribine (Mavenclad®) bij Relapsing Remitting Multiple Sclerose (RRMS),https://www.zorginstituutnederland.nl/documenten/2018/01/24/gvs-advies-cladribine-mavenclad,Argumenten volledig,Merck KGaA
GVS-150,GVS,Afgerond advies,2018-02-06,Initieel,Trelegy Ellipta®,Chronic Obstructive Pulmonary Disease (COPD),Opnemen bijlage 1B,GVS-advies Trelegy Ellipta® bij Chronic Obstructive Pulmonary Disease (COPD),https://www.zorginstituutnederland.nl/documenten/2018/02/06/gvs-advies-trelegy-ellipta-bij-chronic-obstructive-pulmonary-disease-copd,Argumenten volledig,GSK
GVS-151,GVS,Afgerond advies,2018-03-01,Herbeoordeling,herbeoordeling fampridine (Fampyra®),multiple sclerose (MS),Niet opnemen,GVS-advies herbeoordeling fampridine (Fampyra®) bij multiple sclerose (MS),https://www.zorginstituutnederland.nl/documenten/2018/03/01/gvs-advies-herbeoordeling-fampridine-fampyra-bij-ms,Argumenten volledig,Biogen
GVS-152,GVS,Afgerond advies,2018-04-05,Uitbreiding voorwaarden,lumacaftor/ivacaftor (Orkambi®),cystische fibrose patiënten van 6 tot en met 11 jaar,Opnemen na prijsonderhandeling,GVS-advies lumacaftor/ivacaftor (Orkambi®) voor cystische fibrose patiënten van 6 tot en met 11 jaar,https://www.zorginstituutnederland.nl/documenten/2018/04/05/gvs-advies-lumacaftor-ivacaftor-orkambi-voor-cystische-fibrose-patienten-van-6-tot-en-met-11-jaar,Argumenten volledig,Vertex
GVS-153,GVS,Afgerond advies,2018-04-17,Initieel,rolapitant (Varuby®),vertraagde misselijkheid en braken in verband met sterk en matig emetogene chemotherapie tegen kanker,Opnemen bijlage 1A,GVS-advies rolapitant (Varuby®) voor de preventie van vertraagde misselijkheid en braken in verband met sterk en matig emetogene chemotherapie tegen kanker,https://www.zorginstituutnederland.nl/documenten/2018/04/17/gvs-advies-rolapitant-varuby-voor-de-preventie-van-vertraagde-misselijkheid-en-braken-in-verband-met-sterk-en-matig-emetogene-chemotherapie-tegen-kanker,Argumenten volledig,Tesaro
GVS-154,GVS,Afgerond advies,2018-05-09,Initieel,dimethylfumaraat (Skilarence®),plaque psoriasis,Opnemen bijlage 1A,GVS-advies dimethylfumaraat (Skilarence®) bij plaque psoriasis,https://www.zorginstituutnederland.nl/documenten/2018/05/09/gvs-advies-dimethylfumaraat-skilarence-bij-plaque-psoriasis,Argumenten volledig,Almirall
GVS-155,GVS,Afgerond advies,2018-06-04,Initieel,cariprazine (Reagila®),schizofrenie bij volwassen patiënten,Opnemen bijlage 1A,GVS-advies cariprazine (Reagila®) bij de behandeling van schizofrenie bij volwassen patiënten,https://www.zorginstituutnederland.nl/documenten/2018/06/04/gvs-advies-cariprazine-reagila-bij-de-behandeling-van-schizofrenie-bij-volwassen-patienten,Argumenten volledig,Gedeon Richter (Recordati)
GVS-156,GVS,Afgerond advies,2018-07-09,Uitbreiding voorwaarden,romiplostim (Nplate®),cITP: uitbreiding bestaande indicatie en aanpassing nadere voorwaarde,Opnemen met bijlage 2-voorwaarden,GVS-advies romiplostim (Nplate®) bij cITP: uitbreiding bestaande indicatie en aanpassing nadere voorwaarde,https://www.zorginstituutnederland.nl/documenten/2018/07/09/gvs-advies-romiplostim-nplate-bij-citp-uitbreiding-bestaande-indicatie-en-aanpassing-nadere-voorwaarde,Argumenten volledig,Amgen
GVS-157,GVS,Afgerond advies,2018-07-18,Initieel,obeticholzuur (Ocaliva®),primaire biliaire cholangitis (PBC),Niet opnemen,GVS-advies obeticholzuur (Ocaliva®) voor de behandeling van primaire biliaire cholangitis (PBC),https://www.zorginstituutnederland.nl/documenten/2018/07/18/gvs-advies-obeticholzuur-ocaliva-voor-de-behandeling-van-primaire-biliaire-cholangitis-pbc,Argumenten volledig,Intercept
GVS-158,GVS,Afgerond advies,2018-07-31,Initieel,teduglutide (Revestive®),kortedarmsyndroom (SBS) met chronische type III darmfalen bij patiënten van 1 jaar en ouder,Niet opnemen,GVS-advies teduglutide (Revestive®) bij de behandeling van kortedarmsyndroom (SBS) met chronische type III darmfalen bij patiënten van 1 jaar en ouder,https://www.zorginstituutnederland.nl/documenten/2018/07/31/gvs-advies-teduglutide-revestive-bij-de-behandeling-van-kortedarmsyndroom-sbs-met-chronische-type-iii-darmfalen-bij-patienten-van-1-jaar-en-ouder,Argumenten volledig,Shire (later Takeda)
GVS-159,GVS,Afgerond advies,2018-07-31,Herbeoordeling,roflumilast (Daxas®),aanvullende onderhoudsbehandeling van ernstig COPD geassocieerd met chronische bronchitis bij volwassen patiënten,Opnemen met bijlage 2-voorwaarden,GVS-advies roflumilast (Daxas®) als aanvullende onderhoudsbehandeling van ernstig COPD geassocieerd met chronische bronchitis bij volwassen patiënten,https://www.zorginstituutnederland.nl/documenten/2018/07/31/gvs-advies-roflumilast-daxas-als-aanvullende-onderhoudsbehandeling-van-ernstig-copd-geassocieerd-met-chronische-bronchitis-bij-volwassen-patienten,Argumenten volledig,AstraZeneca (Takeda)
GVS-160,GVS,Afgerond advies,2018-07-31,Uitbreiding voorwaarden,verruiming bestaande bijlage 2 voorwaarden SGLT-2 remmers,diabetes mellitus type 2,Anders,GVS-advies verruiming bestaande bijlage 2 voorwaarden SGLT-2 remmers bij de behandeling van diabetes mellitus type 2,https://www.zorginstituutnederland.nl/documenten/2018/07/31/gvs-advies-verruiming-bestaande-bijlage-2-voorwaarden-sglt-2-remmers-bij-de-behandeling-van-diabetes-mellitus-type-2,Argumenten volledig,"Klasse: AstraZeneca (dapagliflozine), Boehringer Ingelheim/Lilly (empagliflozine), Janssen (canagliflozine)"
GVS-161,GVS,Afgerond advies,2018-07-31,Initieel,isavuconazol (Cresemba®),volwassenen voor de behandeling van invasieve aspergillose en mucormycose,Opnemen bijlage 1A,GVS-advies isavuconazol (Cresemba®) bij volwassenen voor de behandeling van invasieve aspergillose en mucormycose,https://www.zorginstituutnederland.nl/documenten/2018/07/31/gvs-advies-isavuconazol-cresemba-bij-volwassenen-voor-de-behandeling-van-invasieve-aspergillose-en-mucormycose,Argumenten volledig,Basilea (Pfizer)
GVS-162,GVS,Afgerond advies,2018-08-06,Initieel,telotristat (Xermelo®),diarree veroorzaakt door het carcinoïdsyndroom,Opnemen bijlage 1B,GVS-advies telotristat (Xermelo®) bij de behandeling van diarree veroorzaakt door het carcinoïdsyndroom,https://www.zorginstituutnederland.nl/documenten/2018/08/06/gvs-advies-telotristat-xermelo-bij-de-behandeling-van-diarree-veroorzaakt-door-het-carcinoidsyndroom,Argumenten volledig,Ipsen
GVS-163,GVS,Afgerond advies,2018-08-06,Initieel,hydrocortisonnatriumfosfaat (Softacor®),lichte niet-infectieuze allergische of inflammatoire conjunctivitis,Opnemen bijlage 1A,GVS-advies hydrocortisonnatriumfosfaat (Softacor®) bij de behandeling van lichte niet-infectieuze allergische of inflammatoire conjunctivitis,https://www.zorginstituutnederland.nl/documenten/2018/08/06/gvs-advies-hydrocortisonnatriumfosfaat-softacor-bij-de-behandeling-van-lichte-niet-infectieuze-allergische-of-inflammatoire-conjunctivitis,Argumenten volledig,Laboratoires Théa
GVS-164,GVS,Afgerond advies,2018-08-08,Initieel,semaglutide (Ozempic®),volwassenen met onvoldoende gereguleerde diabetes mellitus type 2,Opnemen bijlage 1A,Advies - vergoed semaglutide (Ozempic®) bij de behandeling van volwassenen met onvoldoende gereguleerde diabetes mellitus type 2,https://www.zorginstituutnederland.nl/documenten/2018/08/08/gvs-advies-semaglutide-ozempic-bij-de-behandeling-van-volwassenen-met-onvoldoende-gereguleerde-diabetes-mellitus-type-2,Argumenten volledig,Novo Nordisk
GVS-165,GVS,Afgerond advies,2018-08-08,Initieel,bictegravir/emtricitabine/tenofoviralafenamide (Biktarvy®),volwassenen met hiv-1,Opnemen bijlage 1B,GVS-advies bictegravir/emtricitabine/tenofoviralafenamide (Biktarvy®) bij de behandeling van volwassenen met hiv-1,https://www.zorginstituutnederland.nl/documenten/2018/08/08/gvs-advies-bictegravir-emtricitabine-tenofoviralafenamide-biktarvy-bij-de-behandeling-van-volwassenen-met-hiv-1,Argumenten volledig,Gilead
GVS-166,GVS,Afgerond advies,2018-11-22,Initieel,chenodeoxycholzuur (Chenodeoxycholic acid Leadiant®),cerebrotendineuze xanthomatose (CTX),Opnemen na prijsonderhandeling,GVS-advies chenodeoxycholzuur (Chenodeoxycholic acid Leadiant®) bij de behandeling van cerebrotendineuze xanthomatose (CTX),https://www.zorginstituutnederland.nl/documenten/2018/11/22/gvs-advies-chenodeoxycholzuur-chenodeoxycholic-acid-leadiant-bij-de-behandeling-van-cerebrotendineuze-xanthomatose-ctx,Argumenten volledig,Leadiant Biosciences
GVS-167,GVS,Afgerond advies,2018-11-27,Initieel,letermovir (Prevymis®),allogene hematopoëtische stamceltransplantatie,Opnemen bijlage 1B,GVS-advies letermovir (Prevymis®) bij allogene hematopoëtische stamceltransplantatie,https://www.zorginstituutnederland.nl/documenten/2018/11/27/gvs-advies-letermovir-prevymis-bij-allogene-hematopoetische-stamceltransplantatie,Argumenten volledig,MSD
GVS-168,GVS,Afgerond advies,2018-12-04,Initieel,ertugliflozine (Steglatro®),volwassen patiënten met diabetes mellitus type 2 (DM2),Opnemen bijlage 1A,GVS-advies ertugliflozine (Steglatro®) bij de behandeling van volwassen patiënten met diabetes mellitus type 2 (DM2),https://www.zorginstituutnederland.nl/documenten/2018/12/04/gvs-advies-ertugliflozine-steglatro-bij-de-behandeling-van-volwassen-patienten-met-diabetes-mellitus-type-2-dm2,Argumenten volledig,MSD
GVS-169,GVS,Afgerond advies,2018-12-04,Initieel,lesinurad (Zurampic®),jicht,Niet opnemen,GVS-advies lesinurad (Zurampic®) voor de behandeling van jicht,https://www.zorginstituutnederland.nl/documenten/2018/12/04/gvs-advies-lesinurad-zurampic-voor-de-behandeling-van-jicht,Argumenten volledig,Grünenthal
GVS-170,GVS,Afgerond advies,2018-12-12,Initieel,budesonide orodispergeerbare tablet (Jorveza®),eosinofiele oesofagitis (EoE) bij volwassenen,Opnemen bijlage 1A,GVS-advies budesonide orodispergeerbare tablet (Jorveza®) bij de behandeling van eosinofiele oesofagitis (EoE) bij volwassenen,https://www.zorginstituutnederland.nl/documenten/2018/12/12/gvs-advies-budesonide-orodispergeerbare-tablet-jorveza-bij-de-behandeling-van-eosinofiele-oesofagitis-eoe-bij-volwassenen,Argumenten volledig,Dr. Falk Pharma
GVS-171,GVS,Afgerond advies,2019-01-23,Herbeoordeling,evolocumab (Repatha®) herbeoordeling aanpassing bijlage 2 voorwaarden,,Anders,GVS-advies evolocumab (Repatha®) herbeoordeling aanpassing bijlage 2 voorwaarden,https://www.zorginstituutnederland.nl/documenten/2019/01/23/gvs-advies-evolocumab-repatha-herbeoordeling-aanpassing-bijlage-2-voorwaarden,Argumenten volledig,Amgen
GVS-172,GVS,Afgerond advies,2019-01-23,Herbeoordeling,evolocumab (Repahta®),,,GVS-advies evolocumab repahta herbeoordeling aanpassing bijlage 2 voorwaarden,https://www.zorginstituutnederland.nl/publicaties/adviezen/2019/01/23/gvs-advies-evolocumab-repahta-herbeoordeling-aanpassing-bijlage-2-voorwaarden,Index,
GVS-173,GVS,Afgerond advies,2019-02-25,Initieel,patiromeer (Veltassa®),hyperkaliëmie bij volwassenen,Opnemen bijlage 1A,GVS-advies patiromeer (Veltassa®) voor de behandeling van hyperkaliëmie bij volwassenen,https://www.zorginstituutnederland.nl/documenten/2019/02/25/gvs-advies-patiromeer-veltassa-voor-de-behandeling-van-hyperkaliemie-bij-volwassenen,Argumenten volledig,Vifor Fresenius
GVS-174,GVS,Afgerond advies,2019-03-04,Uitbreiding voorwaarden,rivaroxaban (Xarelto®) uitbreiding bijlage 2 voorwaarden,,Opnemen met bijlage 2-voorwaarden,GVS-advies rivaroxaban (Xarelto®) uitbreiding bijlage 2 voorwaarden,https://www.zorginstituutnederland.nl/documenten/2019/03/04/gvs-advies-rivaroxaban-xarelto-uitbreiding-bijlage-2-voorwaarden,Argumenten volledig,Bayer
GVS-175,GVS,Afgerond advies,2019-03-25,Initieel,asfotase alfa (Strensiq®),hypofosfatasia (HPP),Opnemen met bijlage 2-voorwaarden,GVS-advies asfotase alfa (Strensiq®) bij hypofosfatasia (HPP),https://www.zorginstituutnederland.nl/documenten/2019/03/25/gvs-advies-asfotase-alfa-strensiq-bij-hypofosfatasia-hpp,Argumenten volledig,Alexion
GVS-176,GVS,Afgerond advies,2019-03-25,Uitbreiding voorwaarden,fingolimod (Gilenya®),Relapsing Remitting Multiple Sclerose (RRMS) - uitbreiding bijlage 2 voorwaarde,Opnemen met bijlage 2-voorwaarden,GVS-advies fingolimod (Gilenya®) bij Relapsing Remitting Multiple Sclerose (RRMS) - uitbreiding bijlage 2 voorwaarde,https://www.zorginstituutnederland.nl/documenten/2019/03/25/gvs-advies-fingolimod-gilenya-bij-relapsing-remitting-multiple-sclerose-rrms,Argumenten volledig,Novartis
GVS-177,GVS,Afgerond advies,2019-04-02,Uitbreiding voorwaarden,tolvaptan (Jinarc®),volwassen patiënten met autosomaal dominante polycysteuze nierziekte (ADPKD) met chronische nierziekte (CKD) - aanpassing bijlage 2 voorwaarden,Opnemen met bijlage 2-voorwaarden,GVS-advies tolvaptan (Jinarc®) bij volwassen patiënten met autosomaal dominante polycysteuze nierziekte (ADPKD) met chronische nierziekte (CKD) - aanpassing bijlage 2 voorwaarden,https://www.zorginstituutnederland.nl/documenten/2019/04/02/gvs-advies-tolvaptan-jinarc-bij-volwassen-patienten-met-autosomaal-dominante-polycysteuze-nierziekte-adpkd-met-chronische-nierziekte-ckd---aanpassing-bijlage-2-voorwaarden,Argumenten volledig,Otsuka
GVS-178,GVS,Afgerond advies,2019-04-09,Initieel,glycopyrronium drank (Sialanar®),de symptomatische behandeling van ernstige sialorroe bij kinderen en jongeren van 3 jaar en ouder met chronische neurologische aandoeningen,Opnemen bijlage 1B,GVS-advies glycopyrronium drank (Sialanar®) voor de symptomatische behandeling van ernstige sialorroe bij kinderen en jongeren van 3 jaar en ouder met chronische neurologische aandoeningen,https://www.zorginstituutnederland.nl/documenten/2019/04/09/gvs-advies-glycopyrronium-drank-sialanar,Argumenten volledig,Proveca
GVS-179,GVS,Afgerond advies,2019-04-15,Initieel,pitolisant (Wakix®),volwassenen met narcolepsie,Opnemen bijlage 1B,GVS-advies pitolisant (Wakix®) voor de behandeling van volwassenen met narcolepsie,https://www.zorginstituutnederland.nl/documenten/2019/04/15/gvs-advies-pitolisant-wakix,Argumenten volledig,Bioprojet
GVS-180,GVS,Afgerond advies,2019-04-16,Initieel,brexpiprazol (Rxulti®),schizofrenie bij volwassenen,Opnemen bijlage 1A,GVS-advies brexpiprazol (Rxulti®) voor de behandeling van schizofrenie bij volwassenen,https://www.zorginstituutnederland.nl/documenten/2019/04/16/gvs-advies-brexpiprazol-rxulti-voor-de-behandeling-van-schizofrenie-bij-volwassenen,Argumenten volledig,Lundbeck / Otsuka
GVS-181,GVS,Afgerond advies,2019-04-24,Initieel,tezacaftor/ivacaftor (Symkevi®) met ivacaftor monopreparaat (Kalydeco®),cystische fibrose (CF) bij patiënten van 12 jaar en ouder die homozygoot zijn voor de F508del-mutatie in het CFTR-gen,Opnemen na prijsonderhandeling,GVS-advies tezacaftor/ivacaftor (Symkevi®) met ivacaftor monopreparaat (Kalydeco®) bij cystische fibrose (CF) bij patiënten van 12 jaar en ouder die homozygoot zijn voor de F508del-mutatie in het CFTR-gen,https://www.zorginstituutnederland.nl/documenten/2019/04/24/gvs-advies-tezacaftor-ivacaftor-symkevi-met-ivacaftor-monopreparaat-kalydeco-bij-cystische-fibrose-cf,Argumenten volledig,Vertex
GVS-182,GVS,Afgerond advies,2019-04-30,Uitbreiding voorwaarden,lumacaftor/ivacaftor (Orkambi®) uitbreiding bijlage 2 voorwaarde,toepassing bij kinderen van 2 t/m 5 jaar,Opnemen met bijlage 2-voorwaarden,GVS-advies lumacaftor/ivacaftor (Orkambi®) uitbreiding bijlage 2 voorwaarde voor toepassing bij kinderen van 2 t/m 5 jaar,https://www.zorginstituutnederland.nl/documenten/2019/04/30/gvs-advies-lumacaftor-ivacaftor-orkambi,Argumenten volledig,Vertex
GVS-183,GVS,Afgerond advies,2019-06-27,Initieel,erenumab (Aimovig®),migraine,Niet opnemen,Advies - niet vergoeden erenumab (Aimovig®) voor de behandeling van migraine,https://www.zorginstituutnederland.nl/documenten/2019/06/27/gvs-advies-erenumab-aimovig-voor-de-behandeling-van-migraine,Argumenten volledig,Novartis
GVS-184,GVS,Afgerond advies,2019-06-27,Initieel,Delstrigo® (doravirine/lamivudine/ tenofovir disoproxil fumaraat),volwassenen met hiv-1,Opnemen bijlage 1B,GVS-advies Delstrigo® (doravirine/lamivudine/ tenofovir disoproxil fumaraat) voor de behandeling van volwassenen met hiv-1,https://www.zorginstituutnederland.nl/documenten/2019/06/27/gvs-advies-delstrigo-doravirine-lamivudine-tenofovir-disoproxil-fumaraat,Argumenten volledig,MSD
GVS-185,GVS,Afgerond advies,2019-06-27,Initieel,Pifeltro® (doravirine),volwassenen met hiv-1,Opnemen bijlage 1B,GVS-advies Pifeltro® (doravirine) voor de behandeling van volwassenen met hiv-1,https://www.zorginstituutnederland.nl/documenten/2019/06/27/gvs-advies-pifeltro-doravirine,Argumenten volledig,MSD
GVS-186,GVS,Afgerond advies,2019-08-07,Herbeoordeling,fampridine (Fampyra®),een subgroep van patiënten met multiple sclerose (MS),Opnemen met bijlage 2-voorwaarden,GVS-advies fampridine (Fampyra®) voor een subgroep van patiënten met multiple sclerose (MS),https://www.zorginstituutnederland.nl/documenten/2019/08/07/gvs-advies-fampridine-fampyra-voor-een-subgroep-van-patienten-met-multiple-sclerose-ms,Argumenten volledig,Biogen
GVS-187,GVS,Afgerond advies,2019-08-07,Initieel,fampridine (Fampyra®),een subgroep van patienten met multipele sclerose ms,,GVS-advies fampridine fampyra voor een subgroep van patienten met multipele sclerose ms,https://www.zorginstituutnederland.nl/publicaties/adviezen/2019/08/07/gvs-advies-fampridine-fampyra-voor-een-subgroep-van-patienten-met-multipele-sclerose-ms,Index,
GVS-188,GVS,Afgerond advies,2019-09-18,Initieel,"ciclosporine 0,1% oogdruppels (Ikervis®)",ernstige keratitis,Opnemen bijlage 1B,"GVS-advies ciclosporine 0,1% oogdruppels (Ikervis®) voor de behandeling van ernstige keratitis",https://www.zorginstituutnederland.nl/documenten/2019/09/18/gvs-advies-ciclosporine-01-oogdruppels-ikervis,Argumenten volledig,Santen
GVS-189,GVS,Afgerond advies,2019-09-26,Uitbreiding voorwaarden,GLP-1ra,diabetes uitbreiding bijlage 2 voorwaarde door verlaging BMI-afkapwaarde,Opnemen met bijlage 2-voorwaarden,GVS-advies GLP-1ra bij diabetes uitbreiding bijlage 2 voorwaarde door verlaging BMI-afkapwaarde,https://www.zorginstituutnederland.nl/documenten/2019/09/26/gvs-advies-glp-1ra-bij-diabetes-uitbreiding-bijlage-2-voorwaarde-door-verlaging-bmi-afkapwaarde,Argumenten volledig,"Klasse GLP-1ra (cluster 0A10BXAP V): Lilly (dulaglutide), AstraZeneca (exenatide), Novo Nordisk (liraglutide, semaglutide), Sanofi (lixisenatide)"
GVS-190,GVS,Afgerond advies,2019-10-03,Positie in GVS / cluster,actualisatie bijlage 2 voorwaarden,,Anders,GVS-advies actualisatie bijlage 2 voorwaarden,https://www.zorginstituutnederland.nl/documenten/2019/10/03/gvs-advies-actualisatie-bijlage-2-voorwaarden,Argumenten volledig,n.v.t. (verzoek Zorgverzekeraars Nederland en KNMP)
GVS-191,GVS,Afgerond advies,2019-10-21,Initieel,metreleptine (Myalepta®),lipodystrofie,Niet opnemen,GVS-advies metreleptine (Myalepta®) bij de behandeling van lipodystrofie,https://www.zorginstituutnederland.nl/documenten/2019/10/21/gvs-advies-metreleptine-myalepta,Argumenten volledig,Aegerion / Amryt
GVS-192,GVS,Afgerond advies,2019-12-10,Initieel,hydrocortison granulaat in capsules,"te openen 0,5, 1, 2 of 5mg (Alkindi®) bij de behandeling van bijnierschorsinsufficiëntie bij zuigelingen, kinderen en adolescenten (vanaf de geboorte tot < 18 jaar oud)",Opnemen bijlage 1B,"GVS-advies hydrocortison granulaat in capsules om te openen 0,5, 1, 2 of 5mg (Alkindi®) bij de behandeling van bijnierschorsinsufficiëntie bij zuigelingen, kinderen en adolescenten (vanaf de geboorte tot < 18 jaar oud)",https://www.zorginstituutnederland.nl/documenten/2019/12/10/gvs-advies-hydrocortison-granulaat-alkindi,Argumenten volledig,Diurnal
GVS-193,GVS,Afgerond advies,2019-12-16,Initieel,4 componenten meningokokken B (4CMenB) vaccin (Bexsero®),de actieve immunisatie tegen invasieve meningokokkenziekte veroorzaakt door Neisseria meningitidis groep B,Opnemen met bijlage 2-voorwaarden,GVS-advies 4 componenten meningokokken B (4CMenB) vaccin (Bexsero®) voor de actieve immunisatie tegen invasieve meningokokkenziekte veroorzaakt door Neisseria meningitidis groep B,https://www.zorginstituutnederland.nl/documenten/2019/12/16/gvs-advies-meningokokken-b-vaccin-bexsero,Argumenten volledig,GSK
GVS-194,GVS,Afgerond advies,2019-12-17,Initieel,racecadotril (Hidrasec®),acute diarree bij zuigelingen (ouder dan 3 maanden) en kinderen,,GVS-advies racecadotril (Hidrasec®) bij de behandeling van acute diarree bij zuigelingen (ouder dan 3 maanden) en kinderen,https://www.zorginstituutnederland.nl/documenten/2019/12/17/gvs-advies-racecadotril-hidrasec,Index,
GVS-195,GVS,Afgerond advies,2020-01-27,Initieel,"Bevespi® aerosphere 7,2 microgram/5 microgram",de onderhoudsbehandeling van COPD bij volwassenen,Opnemen bijlage 1B,"GVS-advies Bevespi® aerosphere 7,2 microgram/5 microgram voor de onderhoudsbehandeling van COPD bij volwassenen",https://www.zorginstituutnederland.nl/documenten/2020/01/27/gvs-advies-bevespi-bij-copd,Argumenten volledig,AstraZeneca
GVS-196,GVS,Afgerond advies,2020-02-03,Initieel,opicapone (Ongentys®),ziekte van Parkinson bij volwassenen,Opnemen bijlage 1A,GVS-advies opicapone (Ongentys®) voor de behandeling van ziekte van Parkinson bij volwassenen,https://www.zorginstituutnederland.nl/documenten/2020/02/03/gvs-advies-opicapone-ongentys-bij-parkinson,Argumenten volledig,Bial
GVS-197,GVS,Afgerond advies,2020-02-24,Initieel,Brimonidine Stulln 2mg/ml oogdruppels,verlaging van verhoogde intra-oculaire druk (IOD) bij patiënten met openkamerhoekglaucoom of oculaire hypertensie,Opnemen bijlage 1B,GVS-advies Brimonidine Stulln 2mg/ml oogdruppels voor verlaging van verhoogde intra-oculaire druk (IOD) bij patiënten met openkamerhoekglaucoom of oculaire hypertensie,https://www.zorginstituutnederland.nl/documenten/2020/02/24/gvs-advies-brimonidine-stulln-2mg-ml-oogdruppels,Argumenten volledig,Pharma Stulln
GVS-198,GVS,Afgerond advies,2020-03-04,Initieel,hydrokinine (Inhibin®),nachtelijke spierkrampen,Niet opnemen,GVS-advies hydrokinine (Inhibin®) voor de behandeling van nachtelijke spierkrampen,https://www.zorginstituutnederland.nl/documenten/2020/03/04/gvs-advies-hydrokinine-inhibin,Argumenten volledig,Meda / Mylan (Viatris)
GVS-199,GVS,Afgerond advies,2020-03-19,Initieel,triëntine tetrahydrochloride (Cuprior®),ziekte van Wilson,Opnemen met bijlage 2-voorwaarden,GVS-advies triëntine tetrahydrochloride (Cuprior®) bij de behandeling van de ziekte van Wilson,https://www.zorginstituutnederland.nl/documenten/2020/03/19/gvs-advies-trientine-tetrahydrochloride-cuprior,Argumenten volledig,Orphalan
GVS-200,GVS,Afgerond advies,2020-04-28,Initieel,pentosanpolysulfaatnatrium (Elmiron®),blaaspijnsyndroom (BPS) gekenmerkt door glomerulaties of Hunner laesies,Opnemen met bijlage 2-voorwaarden,GVS-advies pentosanpolysulfaatnatrium (Elmiron®) bij de behandeling van blaaspijnsyndroom (BPS) gekenmerkt door glomerulaties of Hunner laesies,https://www.zorginstituutnederland.nl/documenten/2020/04/28/gvs-advies-pentosanpolysulfaatnatrium-elmiron-bij-de-behandeling-van-blaaspijnsyndroom-bps,Argumenten volledig,bene-Arzneimittel
GVS-201,GVS,Afgerond advies,2020-04-28,Initieel,sublinguaal toegediend berkenpollenextract (Itulazax®),pollenallergie bij volwassenen,Opnemen bijlage 1B,GVS-advies sublinguaal toegediend berkenpollenextract (Itulazax®) bij de behandeling van pollenallergie bij volwassenen,https://www.zorginstituutnederland.nl/documenten/2020/04/28/gvs-advies-berkenpollenextract-12-sq-hdm-slit-itulazax-bij-de-behandeling-van-pollenallergie-bij-volwassene,Argumenten volledig,ALK-Abelló
GVS-202,GVS,Afgerond advies,2020-06-04,Initieel,oraal semaglutide (Rybelsus®),patiënten met onvoldoende gereguleerde diabetes mellitus type 2,Opnemen met bijlage 2-voorwaarden,Advies - vergoed oraal semaglutide (Rybelsus®) voor de behandeling van patiënten met onvoldoende gereguleerde diabetes mellitus type 2,https://www.zorginstituutnederland.nl/documenten/2020/06/04/gvs-advies-semaglutide-rybelsus-bij-de-behandeling-van-patienten-met-diabetes-mellitus-type-2,Argumenten volledig,Novo Nordisk
GVS-203,GVS,Afgerond advies,2020-06-11,Initieel,trifaroteen (Aklief®) 50 microgram crème,acne,Opnemen bijlage 1A,GVS-advies trifaroteen (Aklief®) 50 microgram crème voor de behandeling van acne,https://www.zorginstituutnederland.nl/documenten/2020/06/11/gvs-advies-trifaroteen-aklief-bij-acne,Argumenten volledig,Galderma
GVS-204,GVS,Afgerond advies,2020-08-11,Uitbreiding voorwaarden,tezacaftor/ivacaftor (Symkevi®) in combinatie met ivacaftor monopreparaat (Kalydeco®),cystische fibrose,Opnemen na prijsonderhandeling,GVS-advies tezacaftor/ivacaftor (Symkevi®) in combinatie met ivacaftor monopreparaat (Kalydeco®) bij de behandeling van cystische fibrose,https://www.zorginstituutnederland.nl/documenten/2020/08/11/gvs-advies-tezacaftor-ivacaftor-symkevi-in-combinatie-met-ivacaftor-monopreparaat-kalydeco-bij-de-behandeling-van-cystische-fibrose,Argumenten volledig,Vertex
GVS-205,GVS,Afgerond advies,2020-09-24,Initieel,Atectura® Breezhaler®,de onderhoudsbehandeling van astma bij volwassenen en adolescenten,Opnemen bijlage 1B,GVS-advies Atectura® Breezhaler® voor de onderhoudsbehandeling van astma bij volwassenen en adolescenten,https://www.zorginstituutnederland.nl/documenten/2020/09/24/gvs-advies-atectura-bij-astma,Argumenten volledig,Novartis
GVS-206,GVS,Afgerond advies,2020-09-24,Initieel,Enerzair® Breezhaler®,de onderhoudsbehandeling van astma bij volwassenen,Opnemen bijlage 1B,GVS-advies Enerzair® Breezhaler® voor de onderhoudsbehandeling van astma bij volwassenen,https://www.zorginstituutnederland.nl/documenten/2020/09/24/gvs-advies-enerzair-bij-astma,Argumenten volledig,Novartis
GVS-207,GVS,Afgerond advies,2020-10-21,Initieel,amisulpride (Aktiprol®),acute en chronische schizofrene stoornissen,Opnemen bijlage 1A,GVS-advies amisulpride (Aktiprol®) bij acute en chronische schizofrene stoornissen,https://www.zorginstituutnederland.nl/documenten/2020/10/21/gvs-advies-amisulpride-aktiprol,Argumenten volledig,Onbekend (Aktiprol; niet in brief vermeld)
GVS-208,GVS,Afgerond advies,2020-10-28,Initieel,ozanimod (Zeposia®),volwassen patiënten met relapsing remitting multiple sclerosis (RRMS) met actieve ziekte,Opnemen bijlage 1A,GVS-advies ozanimod (Zeposia®) bij de behandeling van volwassen patiënten met relapsing remitting multiple sclerosis (RRMS) met actieve ziekte,https://www.zorginstituutnederland.nl/documenten/2020/10/28/gvs-advies-ozanimod-zeposia,Argumenten volledig,Bristol Myers Squibb (Celgene)
GVS-209,GVS,Afgerond advies,2020-11-05,Initieel,glucagon neuspoeder (Baqsimi®),ernstige hypoglykemie,Opnemen bijlage 1B,GVS-advies glucagon neuspoeder (Baqsimi®) bij de behandeling van ernstige hypoglykemie,https://www.zorginstituutnederland.nl/documenten/2020/11/05/gvs-advies-glucagon-neuspoeder-baqsimi,Argumenten volledig,Eli Lilly
GVS-210,GVS,Afgerond advies,2020-11-16,Initieel,siponimod (Mayzent®),volwassen patiënten met secundaire progressieve multipele sclerose (SPMS) met actieve ziekte,Opnemen bijlage 1A,GVS-advies siponimod (Mayzent®) bij de behandeling van volwassen patiënten met secundaire progressieve multipele sclerose (SPMS) met actieve ziekte,https://www.zorginstituutnederland.nl/documenten/2020/11/16/gvs-advies-siponimod-mayzent,Argumenten volledig,Novartis
GVS-211,GVS,Afgerond advies,2020-12-03,Initieel,tafamidis (Vyndaqel®),ATTR amyloïdose,Niet opnemen,GVS-advies tafamidis (Vyndaqel®) bij de behandeling van ATTR amyloïdose,https://www.zorginstituutnederland.nl/documenten/2020/12/03/gvs-advies-tafamidis-vyndaqel,Argumenten volledig,Pfizer
GVS-212,GVS,Afgerond advies,2020-12-15,Initieel,amikacine liposomale suspensie,inhalatie (Arikayce® liposomal) bij longinfecties,Opnemen met bijlage 2-voorwaarden,GVS-advies amikacine liposomale suspensie voor inhalatie (Arikayce® liposomal) bij longinfecties,https://www.zorginstituutnederland.nl/documenten/2020/12/15/gvs-advies-amikacine-liposomale-suspensie-voor-inhalatie-arikayce-liposomal-bij-longinfecties,Argumenten volledig,Insmed
GVS-213,GVS,Afgerond advies,2020-12-16,Uitbreiding voorwaarden,nintedanib (Ofev®) uitbreiding bijlage 2-voorwaarden,,Opnemen met bijlage 2-voorwaarden,GVS-advies nintedanib (Ofev®) uitbreiding bijlage 2-voorwaarden,https://www.zorginstituutnederland.nl/documenten/2020/12/16/gvs-advies-nintedanib-ofev,Argumenten volledig,Boehringer Ingelheim
GVS-214,GVS,Afgerond advies,2020-12-16,Initieel,romosozumab (Evenity®),ernstige osteoporose,Opnemen bijlage 1A,GVS-advies romosozumab (Evenity®) bij de behandeling van ernstige osteoporose,https://www.zorginstituutnederland.nl/documenten/2020/12/16/gvs-advies-romosozumab-evenity,Argumenten volledig,UCB / Amgen
GVS-215,GVS,Afgerond advies,2021-01-12,Positie in GVS / cluster,cysteamine met vertraagde afgifte (Procysbi®),,Opnemen bijlage 1A,Aanvullend GVS-advies cysteamine met vertraagde afgifte (Procysbi®),https://www.zorginstituutnederland.nl/documenten/2021/01/12/aanvullend-gvs-advies-cysteamine-met-vertraagde-afgifte-procysbi,Argumenten volledig,Chiesi
GVS-216,GVS,Afgerond advies,2021-01-14,Initieel,mexiletine (Namuscla®),non-dystrofische myotonie,Niet opnemen,GVS-advies mexiletine (Namuscla®) bij de behandeling van non-dystrofische myotonie,https://www.zorginstituutnederland.nl/documenten/2021/01/14/gvs-advies-mexiletine-namuscla-bij-de-behandeling-van-non-dystrofische-myotonie,Argumenten volledig,Lupin
GVS-217,GVS,Afgerond advies,2021-01-18,Initieel,oxybutynine intravesicale oplossing (Vesolox®),,Opnemen bijlage 1B,GVS-advies oxybutynine intravesicale oplossing (Vesolox®),https://www.zorginstituutnederland.nl/documenten/2021/01/18/gvs-advies-oxybutynine-intravesicale-oplossing-vesolox,Argumenten volledig,Onbekend (Vesolox; niet in brief vermeld)
GVS-218,GVS,Afgerond advies,2021-02-02,Initieel,givosiran (Givlaari®),acute hepatische porfyrie,Opnemen na prijsonderhandeling,GVS-advies givosiran (Givlaari®) bij de behandeling van acute hepatische porfyrie,https://www.zorginstituutnederland.nl/documenten/2021/02/02/gvs-advies-givosiran-givlaari-bij-de-behandeling-van-acute-hepatische-porfyrie,Argumenten volledig,Alnylam
GVS-219,GVS,Afgerond advies,2021-02-12,Initieel,natriumzirkoniumcyclosilicaat (Lokelma®),hyperkaliëmie bij volwassenen,Opnemen bijlage 1A,GVS-advies natriumzirkoniumcyclosilicaat (Lokelma®) bij de behandeling van hyperkaliëmie bij volwassenen,https://www.zorginstituutnederland.nl/documenten/2021/02/12/gvs-advies-natriumzirkoniumcyclosilicaat-lokelma,Argumenten volledig,AstraZeneca
GVS-220,GVS,Afgerond advies,2021-02-22,Initieel,formoterol/glycopyrronium/budesonide (Trixeo® aerosphere),,Opnemen bijlage 1B,GVS-advies formoterol/glycopyrronium/budesonide (Trixeo® aerosphere),https://www.zorginstituutnederland.nl/documenten/2021/02/22/gvs-advies-trixeo-aerosphere,Argumenten volledig,AstraZeneca
GVS-221,GVS,Afgerond advies,2021-03-03,Initieel,13-valent pneumokokkenconjugaat vaccin (Prevenar13®),,Opnemen met bijlage 2-voorwaarden,GVS-advies 13-valent pneumokokkenconjugaat vaccin (Prevenar13®),https://www.zorginstituutnederland.nl/documenten/2021/03/03/gvs-advies-13-valent-pneumokokkenconjugaat-vaccin-prevenar13,Argumenten volledig,Pfizer
GVS-222,GVS,Afgerond advies,2021-03-17,Uitbreiding voorwaarden,rivaroxaban (Xarelto®),het voorkomen en behandelen van veneuze trombo-embolie en preventie van VTE bij kinderen,Opnemen met bijlage 2-voorwaarden,GVS-advies rivaroxaban (Xarelto®) bij het voorkomen en behandelen van veneuze trombo-embolie en preventie van VTE bij kinderen,https://www.zorginstituutnederland.nl/documenten/2021/03/17/gvs-advies-rivaroxaban-xarelto-bij-de-preventie-en-behandeling-van-vte-bij-kinderen,Argumenten volledig,Bayer
GVS-223,GVS,Afgerond advies,2021-04-20,Initieel,crisaborole (Staquis®),atopische dermatitis,Niet opnemen,GVS-advies crisaborole (Staquis®) bij de behandeling van atopische dermatitis,https://www.zorginstituutnederland.nl/documenten/2021/04/20/gvs-advies-crisaborole-staquis,Argumenten volledig,Pfizer
GVS-224,GVS,Afgerond advies,2021-04-20,Initieel,triëntine dihydrochloride (Cufence®),ziekte van Wilson,Opnemen bijlage 1A,GVS-advies triëntine dihydrochloride (Cufence®) bij de behandeling van de ziekte van Wilson,https://www.zorginstituutnederland.nl/documenten/2021/04/20/gvs-advies-trientine-dihydrochloride-cufence,Argumenten volledig,Univar
GVS-225,GVS,Afgerond advies,2021-04-29,Initieel,elexacaftor/tezacaftor/ivacaftor (Kaftrio®) in combinatie met ivacaftor (Kalydeco®),,Opnemen na prijsonderhandeling,GVS-advies elexacaftor/tezacaftor/ivacaftor (Kaftrio®) in combinatie met ivacaftor (Kalydeco®),https://www.zorginstituutnederland.nl/documenten/2021/04/29/gvs-advies-elexacaftor-tezacaftor-ivacaftor-kaftrio-in-combinatie-met-ivacaftor-kalydeco,Argumenten volledig,Vertex
GVS-226,GVS,Afgerond advies,2021-05-04,Initieel,inclisiran (Leqvio®),hypercholesterolemie,Opnemen na prijsonderhandeling,GVS-advies inclisiran (Leqvio®) bij de behandeling van hypercholesterolemie,https://www.zorginstituutnederland.nl/documenten/2021/05/04/gvs-advies-inclisiran-leqvio,Argumenten volledig,Novartis
GVS-227,GVS,Afgerond advies,2021-05-12,Uitbreiding voorwaarden,dapagliflozine (Forxiga®) uitbreiding bijlage 2-voorwaarden,,Opnemen met bijlage 2-voorwaarden,GVS-advies dapagliflozine (Forxiga®) uitbreiding bijlage 2-voorwaarden,https://www.zorginstituutnederland.nl/documenten/2021/05/12/gvs-advies-uitbreiding-bijlage-2-voorwaarden-voor-dapagliflozine-forxiga,Argumenten volledig,AstraZeneca
GVS-228,GVS,Afgerond advies,2021-05-25,Uitbreiding voorwaarden,ivacaftor (Kalydeco®) uitbreiding bijlage 2-voorwaarden,,Opnemen met bijlage 2-voorwaarden,GVS-advies ivacaftor (Kalydeco®) uitbreiding bijlage 2-voorwaarden,https://www.zorginstituutnederland.nl/documenten/2021/05/25/gvs-advies-ivacaftor-kalydeco-uitbreiding-bijlage-2,Argumenten volledig,Vertex
GVS-229,GVS,Afgerond advies,2021-06-08,Initieel,avatrombopag (Doptelet®),trombocytopenie,Opnemen bijlage 1A,GVS-advies avatrombopag (Doptelet®) voor de behandeling van trombocytopenie,https://www.zorginstituutnederland.nl/documenten/2021/06/08/gvs-advies-avatrombopag-doptelet,Argumenten volledig,Sobi
GVS-230,GVS,Afgerond advies,2021-06-08,Initieel,Vocabria® en Rekambys®,een hiv-1 infectie,Opnemen bijlage 1B,GVS-advies Vocabria® en Rekambys® voor de behandeling van een hiv-1 infectie,https://www.zorginstituutnederland.nl/documenten/2021/06/08/gvs-advies-vocabria-en-rekambys,Argumenten volledig,ViiV Healthcare / Janssen
GVS-231,GVS,Afgerond advies,2021-06-14,Initieel,osilodrostat (Isturisa®),endogeen syndroom van Cushing,Opnemen bijlage 1A,GVS-advies osilodrostat (Isturisa®) voor de behandeling van het endogeen syndroom van Cushing,https://www.zorginstituutnederland.nl/documenten/2021/06/14/gvs-advies-osilodrostat-isturisa,Argumenten volledig,Recordati
GVS-232,GVS,Afgerond advies,2021-06-14,Initieel,Recombinant Zoster Vaccin met adjuvans (Shingrix®),de vaccinatie van medische risicogroepen,Opnemen met bijlage 2-voorwaarden,GVS-advies Recombinant Zoster Vaccin met adjuvans (Shingrix®) voor de vaccinatie van medische risicogroepen,https://www.zorginstituutnederland.nl/documenten/2021/06/14/gvs-advies-shingrix,Argumenten volledig,GSK
GVS-233,GVS,Afgerond advies,2021-06-22,Uitbreiding voorwaarden,SGLT-2-remmers,diabetes mellitus type 2 met een zeer hoog risico op hart- en vaatziekten,Opnemen met bijlage 2-voorwaarden,Advies - uitbreiden voorwaarden medicijnen SGLT-2-remmers voor diabetes mellitus type 2 met een zeer hoog risico op hart- en vaatziekten,https://www.zorginstituutnederland.nl/documenten/2021/06/22/gvs-advies-sglt-2-remmers-uitbreiding-bijlage-2,Argumenten volledig,"Klasse: Janssen (canagliflozine), AstraZeneca (dapagliflozine), Boehringer Ingelheim/Lilly (empagliflozine), MSD (ertugliflozine)"
GVS-234,GVS,Afgerond advies,2021-07-01,Initieel,calcifediol (Hidroferol®),,Opnemen bijlage 1A,GVS-advies calcifediol (Hidroferol®),https://www.zorginstituutnederland.nl/documenten/2021/07/01/gvs-advies-calcifediol-hidroferol,Argumenten volledig,Faes Farma
GVS-235,GVS,Afgerond advies,2021-07-05,Uitbreiding voorwaarden,cladribine (Mavenclad®) - uitbreiding nadere voorwaarden,,Opnemen met bijlage 2-voorwaarden,GVS-advies cladribine (Mavenclad®) - uitbreiding nadere voorwaarden,https://www.zorginstituutnederland.nl/documenten/2021/07/05/gvs-advies-mavenclad---uitbreiding-nadere-voorwaarden,Argumenten volledig,Merck KGaA
GVS-236,GVS,Afgerond advies,2021-07-21,Initieel,buprenorfine (Buvidal®),een verslaving aan pijnstillers,Opnemen na prijsonderhandeling,GVS-advies buprenorfine (Buvidal®) voor de behandeling van een verslaving aan pijnstillers,https://www.zorginstituutnederland.nl/documenten/2021/07/21/gvs-advies-subcutaan-buprenorfine-buvidal,Argumenten volledig,Camurus
GVS-237,GVS,Afgerond advies,2021-07-26,Initieel,ferrimaltol (Feraccru®),ijzergebrek bij volwassenen,Niet opnemen,GVS-advies ferrimaltol (Feraccru®) voor de behandeling van ijzergebrek bij volwassenen,https://www.zorginstituutnederland.nl/documenten/2021/07/26/gvs-advies-ferrimaltol-feraccru,Argumenten volledig,Norgine
GVS-238,GVS,Afgerond advies,2021-08-11,Herbeoordeling,weesgeneesmiddel tafamidis (Vyndaqel®),transthyretine-amyloïdose met cardiomyopathie (ATTR-CM),Opnemen na prijsonderhandeling,GVS-advies weesgeneesmiddel tafamidis (Vyndaqel®) bij de behandeling van transthyretine-amyloïdose met cardiomyopathie (ATTR-CM),https://www.zorginstituutnederland.nl/documenten/2021/08/11/gvs-advies-tafamidis-vyndaqel-bij-de-behandeling-van-attr-cm,Argumenten volledig,Pfizer
GVS-239,GVS,Afgerond advies,2021-08-31,Initieel,drospirenon/estetrol (Drovelis®),,Opnemen bijlage 1A,GVS-advies drospirenon/estetrol (Drovelis®),https://www.zorginstituutnederland.nl/documenten/2021/08/31/gvs-advies-drospirenon-estetrol-drovelis,Argumenten volledig,Gedeon Richter
GVS-240,GVS,Afgerond advies,2021-09-03,Initieel,roxadustat (Evrenzo®),bloedarmoede bij chronische nierschade,Opnemen bijlage 1B,GVS-advies roxadustat (Evrenzo®) bij de behandeling van bloedarmoede bij chronische nierschade,https://www.zorginstituutnederland.nl/documenten/2021/09/03/gvs-advies-roxadustat-evrenzo,Argumenten volledig,Astellas
GVS-241,GVS,Afgerond advies,2021-09-17,Initieel,"CGRP-remmers erenumab (Aimovig®), fremanezumab (AJOVY®) en galcanezumab (Emgality®)",chronische migraine,Opnemen met bijlage 2-voorwaarden,"Advies - vergoed CGRP-remmers erenumab (Aimovig®), fremanezumab (AJOVY®) en galcanezumab (Emgality®) voor de behandeling van chronische migraine",https://www.zorginstituutnederland.nl/documenten/2021/09/17/gvs-advies-cgrp-remmers,Argumenten volledig,"Klasse: Novartis (erenumab), Teva (fremanezumab), Lilly (galcanezumab) – gezamenlijke vergoedingsaanvraag"
GVS-242,GVS,Afgerond advies,2021-09-17,Initieel,cprg (Remmers®),,,GVS-advies cprg remmers,https://www.zorginstituutnederland.nl/publicaties/adviezen/2021/09/17/gvs-advies-cprg-remmers,Index,
GVS-243,GVS,Afgerond advies,2021-09-20,Uitbreiding voorwaarden,SGLT-2-remmers extra uitbreiding bijlage 2-voorwaarden,,Opnemen met bijlage 2-voorwaarden,GVS-advies SGLT-2-remmers extra uitbreiding bijlage 2-voorwaarden,https://www.zorginstituutnederland.nl/documenten/2021/09/20/gvs-advies-sglt-2-remmers-extra-uitbreiding-bijlage-2,Argumenten volledig,"Klasse SGLT2-remmers (canagliflozine, dapagliflozine, empagliflozine)"
GVS-244,GVS,Afgerond advies,2021-09-29,Initieel,levomepromazine (Nozinan®),,Opnemen met bijlage 2-voorwaarden,GVS-advies levomepromazine (Nozinan®),https://www.zorginstituutnederland.nl/documenten/2021/09/29/gvs-advies-levomepromazine-nozinan,Argumenten volledig,Onbekend (Nozinan; aanvraag door beroepsgroep IKNL/richtlijncommissie)
GVS-245,GVS,Afgerond advies,2021-10-21,Uitbreiding voorwaarden,empagliflozine (Jardiance®),volwassenen met chronisch hartfalen,Opnemen met bijlage 2-voorwaarden,GVS-advies empagliflozine (Jardiance®) bij de behandeling van volwassenen met chronisch hartfalen,https://www.zorginstituutnederland.nl/documenten/2021/10/21/gvs-advies-empagliflozine-jardiance,Argumenten volledig,Boehringer Ingelheim / Lilly
GVS-246,GVS,Afgerond advies,2021-10-26,Initieel,ponesimod (Ponvory®),recidiverende vormen van multiple sclerose (RMS),Opnemen bijlage 1A,GVS-advies ponesimod (Ponvory®) bij recidiverende vormen van multiple sclerose (RMS),https://www.zorginstituutnederland.nl/documenten/2021/10/26/gvs-advies-ponesimod-ponvory,Argumenten volledig,Janssen
GVS-247,GVS,Afgerond advies,2021-11-02,Initieel,levodopa/carbidopa/entacapon intestinale gel (Lecigon®),Parkinson,Opnemen na prijsonderhandeling,GVS-advies levodopa/carbidopa/entacapon intestinale gel (Lecigon®) voor de behandeling van Parkinson,https://www.zorginstituutnederland.nl/documenten/2021/11/02/gvs-advies-lecigon-bij-parkinson,Argumenten volledig,Britannia / LobSor Pharmaceuticals
GVS-248,GVS,Afgerond advies,2021-11-15,Uitbreiding voorwaarden,tezacaftor (Ivacaftor®),,,GVS-advies tezacaftor ivacaftor symkevi en ivacaftor kalydeco extra uitbreiding bijlage 2,https://www.zorginstituutnederland.nl/publicaties/adviezen/2021/11/15/gvs-advies-tezacaftor-ivacaftor-symkevi-en-ivacaftor-kalydeco-extra-uitbreiding-bijlage-2,Index,
GVS-249,GVS,Afgerond advies,2021-12-01,Initieel,tirbanibuline (Klisyri®),actinische keratose,Opnemen bijlage 1A,GVS-advies tirbanibuline (Klisyri®) bij actinische keratose,https://www.zorginstituutnederland.nl/documenten/2021/12/01/gvs-advies-tirbanibuline-klisyri,Argumenten volledig,Almirall
GVS-250,GVS,Afgerond advies,2021-12-01,Initieel,fostemsavir (Rukobia®),hiv-1-infectie,Opnemen bijlage 1B,GVS-advies fostemsavir (Rukobia®) bij hiv-1-infectie,https://www.zorginstituutnederland.nl/documenten/2021/12/01/gvs-advies-fostemsavir-rukobia-bij-hiv-1-infectie,Argumenten volledig,ViiV Healthcare
GVS-251,GVS,Afgerond advies,2021-12-21,Uitbreiding voorwaarden,extra uitbreiding bijlage 2-voorwaarden tezacaftor ivacaftor (Symkevi®) in combinatie met ivacaftor (Kalydeco®),,Opnemen met bijlage 2-voorwaarden,GVS-advies extra uitbreiding bijlage 2-voorwaarden tezacaftor ivacaftor (Symkevi®) in combinatie met ivacaftor (Kalydeco®),https://www.zorginstituutnederland.nl/documenten/2021/12/21/gvs-advies-tezacaftor-ivacaftor-symkevi-en-ivacaftor-kalydeco-extra-uitbreiding-bijlage-2,Argumenten volledig,Vertex
GVS-252,GVS,Afgerond advies,2022-01-13,Initieel,volanesorsen (Waylivra®),genetisch bevestigd familiair chylomicronemiesyndroom (FCS),Opnemen met bijlage 2-voorwaarden,GVS-advies volanesorsen (Waylivra®) bij de behandeling van genetisch bevestigd familiair chylomicronemiesyndroom (FCS),https://www.zorginstituutnederland.nl/documenten/2022/01/13/gvs-advies-volanesorsen-waylivra,Argumenten volledig,Akcea / Ionis (Sobi)
GVS-253,GVS,Afgerond advies,2022-02-10,Initieel,ofatumumab (Kesimpta®),relapsing vormen van multiple sclerosis (RMS),Opnemen met bijlage 2-voorwaarden,GVS-advies ofatumumab (Kesimpta®) voor de behandeling van relapsing vormen van multiple sclerosis (RMS),https://www.zorginstituutnederland.nl/documenten/2022/02/10/gvs-advies-ofatumumab-kesimpta,Argumenten volledig,Novartis
GVS-254,GVS,Afgerond advies,2022-02-22,Initieel,cenobamaat (Ontozry®),focale epilepsie,Opnemen bijlage 1A,GVS-advies cenobamaat (Ontozry®) bij focale epilepsie,https://www.zorginstituutnederland.nl/documenten/2022/02/22/gvs-advies-cenobamaat-ontozry,Argumenten volledig,Angelini
GVS-255,GVS,Afgerond advies,2022-02-24,Uitbreiding voorwaarden,liraglutide (Saxenda®),een bepaalde groep patiënten met (ernstig) overgewicht,Opnemen met bijlage 2-voorwaarden,Advies - vergoed liraglutide (Saxenda®) voor een bepaalde groep patiënten met (ernstig) overgewicht,https://www.zorginstituutnederland.nl/documenten/2022/02/24/gvs-advies-liraglutide-saxenda,Argumenten volledig,Novo Nordisk
GVS-256,GVS,Afgerond advies,2022-02-24,Initieel,vericiguat (Verquvo®),volwassenen met chronisch hartfalen,Niet opnemen,GVS-advies vericiguat (Verquvo®) bij de behandeling van volwassenen met chronisch hartfalen,https://www.zorginstituutnederland.nl/documenten/2022/02/24/gvs-advies-vericiguat-verquvo,Argumenten volledig,Bayer
GVS-257,GVS,Afgerond advies,2022-03-22,Uitbreiding voorwaarden,uitbreiding bijlage 2-voorwaarden elexacaftor/tezacaftor/ivacaftor (Kaftrio®) in combinatie met ivacaftor (Kalydeco®),,Opnemen met bijlage 2-voorwaarden,GVS-advies uitbreiding bijlage 2-voorwaarden elexacaftor/tezacaftor/ivacaftor (Kaftrio®) in combinatie met ivacaftor (Kalydeco®),https://www.zorginstituutnederland.nl/documenten/2022/03/22/gvs-advies-elexacaftor-tezacaftor-ivacaftor-kaftrio-met-ivacaftor-kalydeco,Argumenten volledig,Vertex
GVS-258,GVS,Afgerond advies,2022-03-28,Uitbreiding voorwaarden,uitbreiding bijlage 2-voorwaarden dapagliflozine (Forxiga®),chronische nierschade,Opnemen met bijlage 2-voorwaarden,GVS-advies uitbreiding bijlage 2-voorwaarden dapagliflozine (Forxiga®) bij de behandeling van chronische nierschade,https://www.zorginstituutnederland.nl/documenten/2022/03/28/gvs-advies-dapagliflozine-forxiga-bij-chronische-nierschade,Argumenten volledig,AstraZeneca
GVS-259,GVS,Afgerond advies,2022-04-04,Initieel,finerenon (Kerendia®),chronische nierschade bij volwassenen met diabetes mellitus type 2,Opnemen met bijlage 2-voorwaarden,GVS-advies finerenon (Kerendia®) bij de behandeling van chronische nierschade bij volwassenen met diabetes mellitus type 2,https://www.zorginstituutnederland.nl/documenten/2022/04/04/gvs-advies-finerenon-kerendia,Argumenten volledig,Bayer
GVS-260,GVS,Afgerond advies,2022-04-20,Initieel,avacopan (Tavneos®),bepaalde patiënten met granulaomatose met polyangiitis (GPA) of microscopische polyangiitis (MPA),Niet opnemen,GVS-advies avacopan (Tavneos®) bij de behandeling van bepaalde patiënten met granulaomatose met polyangiitis (GPA) of microscopische polyangiitis (MPA),https://www.zorginstituutnederland.nl/documenten/2022/04/20/gvs-advies-avacopan-tavneos,Argumenten volledig,Vifor Pharma
GVS-261,GVS,Afgerond advies,2022-04-21,Initieel,ivermectine (Stromectol®),scabiës,Opnemen met bijlage 2-voorwaarden,GVS-beoordeling ivermectine (Stromectol®) voor de behandeling van scabiës,https://www.zorginstituutnederland.nl/documenten/2022/04/21/gvs-beoordeling-ivermectine-stromectol,Argumenten volledig,MSD
GVS-262,GVS,Afgerond advies,2022-04-25,Uitbreiding voorwaarden,uitbreiding bijlage 2-voorwaarden dabigatran etexilaat (Pradaxa®),veneuze trombo-embolie (VTE),Opnemen met bijlage 2-voorwaarden,GVS-advies uitbreiding bijlage 2-voorwaarden dabigatran etexilaat (Pradaxa®) voor de behandeling van veneuze trombo-embolie (VTE),https://www.zorginstituutnederland.nl/documenten/2022/04/25/gvs-advies-dabigatran-pradaxa-uitbreiding-nadere-voorwaarden,Argumenten volledig,Boehringer Ingelheim
GVS-263,GVS,Afgerond advies,2022-05-10,Initieel,pitolisant (Ozawade®),volwassen patiënten met obstructieve slaapapneu,Niet opnemen,GVS-advies pitolisant (Ozawade®) voor de behandeling van volwassen patiënten met obstructieve slaapapneu,https://www.zorginstituutnederland.nl/documenten/2022/05/10/gvs-advies-pitolisant-ozawade,Argumenten volledig,Bioprojet
GVS-264,GVS,Afgerond advies,2022-05-16,Uitbreiding voorwaarden,uitbreiding bijlage 2-voorwaarden GLP-1 receptoragonisten,,Opnemen met bijlage 2-voorwaarden,GVS-advies uitbreiding bijlage 2-voorwaarden GLP-1 receptoragonisten,https://www.zorginstituutnederland.nl/documenten/2022/05/16/gvs-advies-glp-1-receptor-agonisten,Argumenten volledig,"Klasse GLP-1ra: Lilly (dulaglutide), AstraZeneca (exenatide), Novo Nordisk (liraglutide, semaglutide s.c./oraal), Sanofi (lixisenatide) – gezamenlijk dossier"
GVS-265,GVS,Afgerond advies,2022-05-17,Initieel,naltrexon in combinatie met bupropion (Mysimba®),een bepaalde groep patiënten met overgewicht,Opnemen met bijlage 2-voorwaarden,Advies - vergoed naltrexon in combinatie met bupropion (Mysimba®) voor een bepaalde groep patiënten met overgewicht,https://www.zorginstituutnederland.nl/documenten/2022/05/17/gvs-advies-naltrexon-in-combinatie-met-bupropion-mysimba,Argumenten volledig,Orexigen / Goodlife
GVS-266,GVS,Afgerond advies,2022-06-20,Uitbreiding voorwaarden,elexacaftor/tezacaftor/ivacaftor (Kaftrio®) met ivacaftor monopreparaat (Kalydeco®) uitbreiding nadere voorwaarden,,Opnemen met bijlage 2-voorwaarden,GVS-advies elexacaftor/tezacaftor/ivacaftor (Kaftrio®) met ivacaftor monopreparaat (Kalydeco®) uitbreiding nadere voorwaarden,https://www.zorginstituutnederland.nl/documenten/2022/06/20/gvs-advieselexacaftor-tezacaftor-ivacaftor-kaftrio-met-ivacaftor-kalydeco-uitbreiding-nadere-voorwaarden,Argumenten volledig,Vertex
GVS-267,GVS,Afgerond advies,2022-06-28,Initieel,cannabidiol (Epidyolex®),,,GVS-advies cannabidiol epidyolex,https://www.zorginstituutnederland.nl/publicaties/adviezen/2022/06/28/gvs-advies-cannabidiol-epidyolex,Index,
GVS-268,GVS,Afgerond advies,2022-07-04,Initieel,cannabidiol (Epidyolex®),aanvullende behandeling bij 2 ernstige epileptische aandoeningen,Opnemen na prijsonderhandeling,GVS-advies cannabidiol (Epidyolex®) als aanvullende behandeling bij 2 ernstige epileptische aandoeningen,https://www.zorginstituutnederland.nl/documenten/2022/07/04/gvs-advies-cannabidiol-epidyolex,Argumenten volledig,Jazz Pharmaceuticals (GW Pharma)
GVS-269,GVS,Afgerond advies,2022-07-05,Initieel,bempedoïnezuur (Nilemdo®),2 vetstofwisselingsziekten,Opnemen na prijsonderhandeling,GVS-advies bempedoïnezuur (Nilemdo®) voor de behandeling van 2 vetstofwisselingsziekten,https://www.zorginstituutnederland.nl/documenten/2022/07/05/gvs-advies-bempedoinezuur-nilemdo,Argumenten volledig,Daiichi Sankyo
GVS-270,GVS,Afgerond advies,2022-07-08,Initieel,setmelanotide (Imcivree®),een zeldzame vorm van obesitas,Opnemen met bijlage 2-voorwaarden,GVS-advies setmelanotide (Imcivree®) voor de behandeling van een zeldzame vorm van obesitas,https://www.zorginstituutnederland.nl/documenten/2022/07/08/gvs-advies-setmelanotide-imcivree,Argumenten volledig,Rhythm
GVS-271,GVS,Afgerond advies,2022-07-08,Herbeoordeling,herbeoordeling metreleptine (Myalepta®),gegeneraliseerde lipodystrofie,Opnemen met bijlage 2-voorwaarden,GVS-advies herbeoordeling metreleptine (Myalepta®) bij de behandeling van gegeneraliseerde lipodystrofie,https://www.zorginstituutnederland.nl/documenten/2022/07/08/gvs-advies-herbeoordeling-metreleptine-myalepta,Argumenten volledig,Amryt Pharma
GVS-272,GVS,Afgerond advies,2022-07-21,Herbeoordeling,herbeoordeling testosteronundecanoaat (Nebido®),een tekort aan testosteron,Opnemen bijlage 1B,GVS-advies herbeoordeling testosteronundecanoaat (Nebido®) bij de behandeling van een tekort aan testosteron,https://www.zorginstituutnederland.nl/documenten/2022/07/21/gvs-advies-herbeoordeling-testosteronundecanoaat-nebido,Argumenten volledig,Bayer
GVS-273,GVS,Afgerond advies,2022-09-16,Initieel,icosapent (Ethyl®),,,GVS-advies icosapent ethyl vazkepa,https://www.zorginstituutnederland.nl/publicaties/adviezen/2022/09/16/gvs-advies-icosapent-ethyl-vazkepa,Index,
GVS-274,GVS,Afgerond advies,2022-09-22,Initieel,lenacapavir (Sunlenca®),hiv-1-infectie,Opnemen met bijlage 2-voorwaarden,GVS-advies lenacapavir (Sunlenca®) voor de behandeling van hiv-1-infectie,https://www.zorginstituutnederland.nl/documenten/2022/09/22/gvs-advies-lenacapavir-sunlenca,Argumenten volledig,Gilead
GVS-275,GVS,Afgerond advies,2022-10-17,Bijlage 2-wijziging,Evaluatie voorwaarden,de vergoeding van fampridine (Fampyra®),Opnemen met bijlage 2-voorwaarden,Evaluatie voorwaarden voor de vergoeding van fampridine (Fampyra®),https://www.zorginstituutnederland.nl/documenten/2022/10/17/evaluatie-voorwaarden-voor-de-vergoeding-van-fampridine-fampyra,Argumenten volledig,Biogen
GVS-276,GVS,Afgerond advies,2022-10-19,Initieel,relugolix in combinatie met estradiol en norethisteronacetaat (Ryeqo®),,Opnemen met bijlage 2-voorwaarden,GVS-advies relugolix in combinatie met estradiol en norethisteronacetaat (Ryeqo®),https://www.zorginstituutnederland.nl/documenten/2022/10/19/gvs-advies-relugolix-in-combinatie-met-estradiol-en-norethisteronacetaat-ryeqo,Argumenten volledig,Gedeon Richter
GVS-277,GVS,Afgerond advies,2022-10-25,Initieel,natalizumab SC (Tysabri®),RRMS bij volwassenen met zeer actieve ziekte,Opnemen bijlage 1A,GVS-advies natalizumab SC (Tysabri®) bij de behandeling van RRMS bij volwassenen met zeer actieve ziekte,https://www.zorginstituutnederland.nl/documenten/2022/10/25/gvs-advies-natalizumab-sc-tysabri,Argumenten volledig,Biogen
GVS-278,GVS,Afgerond advies,2022-10-27,Initieel,nirmatrelvir/ritonavir (Paxlovid®),COVID-19,Opnemen met bijlage 2-voorwaarden,GVS-advies nirmatrelvir/ritonavir (Paxlovid®) voor de behandeling van COVID-19,https://www.zorginstituutnederland.nl/documenten/2022/10/27/gvs-advies-nirmatrelvir-ritonavir-paxlovid,Argumenten volledig,Pfizer
GVS-279,GVS,Afgerond advies,2022-11-10,Initieel,sublinguaal toegediend huisstofmijtextract 300 IR HDM (Actair®),,Opnemen bijlage 1A,GVS-advies sublinguaal toegediend huisstofmijtextract 300 IR HDM (Actair®),https://www.zorginstituutnederland.nl/documenten/2022/11/10/gvs-advies-300-ir-hdm-actair,Argumenten volledig,Stallergenes
GVS-280,GVS,Afgerond advies,2022-11-24,Initieel,baloxavir marboxil (Xofluza®),,Niet opnemen,GVS-advies baloxavir marboxil (Xofluza®),https://www.zorginstituutnederland.nl/documenten/2022/11/24/gvs-advies-baloxavir-marboxil-xofluza,Argumenten volledig,Roche
GVS-281,GVS,Afgerond advies,2022-11-29,Initieel,doxylaminesuccinaat-pyridoxinehydrochloride (Xonvea®),misselijkheid en braken tijdens de zwangerschap,Niet opnemen,GVS-advies doxylaminesuccinaat-pyridoxinehydrochloride (Xonvea®) bij misselijkheid en braken tijdens de zwangerschap,https://www.zorginstituutnederland.nl/documenten/2022/11/29/gvs-advies-doxylaminesuccinaat-pyridoxinehydrochloride-xonvea,Argumenten volledig,Exeltis
GVS-282,GVS,Afgerond advies,2022-12-06,Initieel,fostamatinib (Tavlesse®),chronische immuun trombocytopenie (ITP),Opnemen met bijlage 2-voorwaarden,GVS-advies fostamatinib (Tavlesse®) voor de behandeling van chronische immuun trombocytopenie (ITP),https://www.zorginstituutnederland.nl/documenten/2022/12/06/gvs-advies-fostamatinib-tavlesse,Argumenten volledig,Grifols
GVS-283,GVS,Afgerond advies,2022-12-23,Initieel,solriamfetol (Sunosi®),narcolepsie of obstructieve slaapapneu (OSA),Opnemen bijlage 1A,GVS-advies solriamfetol (Sunosi®) voor de behandeling van narcolepsie of obstructieve slaapapneu (OSA),https://www.zorginstituutnederland.nl/documenten/2022/12/23/gvs-advies-solriamfetol-sunosi,Argumenten volledig,Jazz / Axsome (Pharmanovia)
GVS-284,GVS,Afgerond advies,2023-01-18,Initieel,odevixibat (Bylvay®),progressieve familiaire intrahepatische cholestase,Opnemen met bijlage 2-voorwaarden,GVS-advies odevixibat (Bylvay®) voor de behandeling van progressieve familiaire intrahepatische cholestase,https://www.zorginstituutnederland.nl/documenten/2023/01/18/gvs-advies-odevixibat-bylvay,Argumenten volledig,Albireo / Ipsen
GVS-285,GVS,Afgerond advies,2023-01-25,Initieel,PCV15 (Vaxneuvance®),het voorkomen van een ernstig verloop van een pneumokokkenziekte bij medische risicogroepen,Opnemen bijlage 1A,GVS-advies PCV15 (Vaxneuvance®) voor het voorkomen van een ernstig verloop van een pneumokokkenziekte bij medische risicogroepen,https://www.zorginstituutnederland.nl/documenten/2023/01/25/gvs-advies-pcv15-vaxneuvance,Argumenten volledig,MSD
GVS-286,GVS,Afgerond advies,2023-01-25,Initieel,dexamethason/levofloxacine oogdruppels (Ducressa®),gebruik na staaroperaties bij volwassenen,Niet opnemen,GVS-advies dexamethason/levofloxacine oogdruppels (Ducressa®) voor gebruik na staaroperaties bij volwassenen,https://www.zorginstituutnederland.nl/documenten/2023/01/25/gvs-advies-dexamethason-levofloxacine-ducressa,Argumenten volledig,Santen
GVS-287,GVS,Afgerond advies,2023-01-31,Uitbreiding voorwaarden,empagliflozine (Jardiance®) uitbreiding bijlage 2-voorwaarden,chronisch hartfalen,Opnemen met bijlage 2-voorwaarden,GVS-advies empagliflozine (Jardiance®) uitbreiding bijlage 2-voorwaarden voor chronisch hartfalen,https://www.zorginstituutnederland.nl/documenten/2023/01/31/gvs-advies-empagliflozine-jardiance,Argumenten volledig,Boehringer Ingelheim / Lilly
GVS-288,GVS,Afgerond advies,2023-02-01,Bijlage 2-wijziging,patiromeer (Veltassa®) vervallen bijlage 2-voorwaarden,,Anders,GVS-advies patiromeer (Veltassa®) vervallen bijlage 2-voorwaarden,https://www.zorginstituutnederland.nl/documenten/2023/02/01/gvs-advies-patiromeer-veltassa,Argumenten volledig,Vifor
GVS-289,GVS,Afgerond advies,2023-02-15,Initieel,icosapent-ethyl (Vazkepa®),volwassenen met een hoog risico op hart- en vaatziekten,Opnemen na prijsonderhandeling,GVS-advies icosapent-ethyl (Vazkepa®) bij de behandeling van volwassenen met een hoog risico op hart- en vaatziekten,https://www.zorginstituutnederland.nl/documenten/2023/02/15/gvs-advies-icosapent-ethyl-vazkepa,Argumenten volledig,Amarin
GVS-290,GVS,Afgerond advies,2023-02-22,Initieel,lasmiditan (Rayvow®),migraine,Opnemen bijlage 1A,GVS-advies lasmiditan (Rayvow®) bij de behandeling van migraine,https://www.zorginstituutnederland.nl/documenten/2023/02/22/gvs-advies-lasmiditan-rayvow,Argumenten volledig,Lilly
GVS-291,GVS,Afgerond advies,2023-03-08,Initieel,mifepriston (Mifegyne®),miskraam,Opnemen met bijlage 2-voorwaarden,GVS-advies mifepriston (Mifegyne®) bij de behandeling van miskraam,https://www.zorginstituutnederland.nl/documenten/2023/03/08/gvs-advies-mifepriston-mifegyne,Argumenten volledig,Nordic Pharma
GVS-292,GVS,Afgerond advies,2023-04-17,Uitbreiding voorwaarden,uitbreiding bijlage 2-voorwaarden,evolocumab (Repatha®) en alirocumab (Praluent®) bij te hoog cholesterol,Opnemen na prijsonderhandeling,GVS-advies uitbreiding bijlage 2-voorwaarden voor evolocumab (Repatha®) en alirocumab (Praluent®) bij te hoog cholesterol,https://www.zorginstituutnederland.nl/documenten/2023/04/17/pakketadvies-evolocumab-repatha-en-alirocumab-praluent-bij-hypercholesterolemie,Argumenten volledig,Amgen (evolocumab) en Sanofi (alirocumab) – gezamenlijk dossier; inclisiran (Novartis) valt onder hetzelfde cluster/voorwaarde
GVS-293,GVS,Afgerond advies,2023-04-28,Uitbreiding voorwaarden,sacubitril/valsartan (Entresto®) uitbreiding bijlage 2-voorwaarden,,Opnemen met bijlage 2-voorwaarden,GVS-advies sacubitril/valsartan (Entresto®) uitbreiding bijlage 2-voorwaarden,https://www.zorginstituutnederland.nl/documenten/2023/04/28/gvs-advies-sacubitril-valsartan-entresto-bijlage-2-voorwaarden,Argumenten volledig,Novartis
GVS-294,GVS,Afgerond advies,2023-04-28,Initieel,lanadelumab (Takhzyro®),het voorkomen van terugkerende aanvallen van hereditair angio-oedeem (HAE),Opnemen bijlage 1B,GVS-advies lanadelumab (Takhzyro®) voor het voorkomen van terugkerende aanvallen van hereditair angio-oedeem (HAE),https://www.zorginstituutnederland.nl/documenten/2023/04/28/gvs-advies-lanadelumab-takhzyro,Argumenten volledig,Takeda
GVS-295,GVS,Afgerond advies,2023-05-12,Herbeoordeling,herbeoordeling vericiguat (Verquvo®),volwassenen met chronisch hartfalen,Opnemen met bijlage 2-voorwaarden,GVS-advies herbeoordeling vericiguat (Verquvo®) voor de behandeling van volwassenen met chronisch hartfalen,https://www.zorginstituutnederland.nl/documenten/2023/05/12/gvs-advies-vericiguat-verquvo,Argumenten volledig,Bayer
GVS-296,GVS,Afgerond advies,2023-05-23,Uitbreiding voorwaarden,dapagliflozine (Forxiga®) uitbreiding bijlage 2-voorwaarden,,Opnemen met bijlage 2-voorwaarden,GVS-advies dapagliflozine (Forxiga®) uitbreiding bijlage 2-voorwaarden,https://www.zorginstituutnederland.nl/documenten/2023/05/23/gvs-advies-dapagliflozine-forxiga-uitbreiding-bijlage-2-voorwaarden,Argumenten volledig,AstraZeneca
GVS-297,GVS,Afgerond advies,2023-06-02,Initieel,hepatitis B-vaccin (PreHevbri®),de actieve immunisatie tegen hepatitis B bij volwassenen,Opnemen bijlage 1A,GVS-advies hepatitis B-vaccin (PreHevbri®) voor de actieve immunisatie tegen hepatitis B bij volwassenen,https://www.zorginstituutnederland.nl/documenten/2023/06/02/gvs-advies-hepatitis-b-vaccin-prehevbri-voor-de-actieve-immunisatie-tegen-hepatitis-b-bij-volwassenen,Argumenten volledig,VBI Vaccines
GVS-298,GVS,Afgerond advies,2023-06-15,Herbeoordeling,avacopan (Tavneos®),bepaalde patiënten met granulomatose met polyangiitis (GPA) of microscopische polyangiitis (MPA),Opnemen na prijsonderhandeling,GVS-advies avacopan (Tavneos®) bij de behandeling van bepaalde patiënten met granulomatose met polyangiitis (GPA) of microscopische polyangiitis (MPA),https://www.zorginstituutnederland.nl/documenten/2023/06/15/gvs-advies-avacopan-tavneos-bij-de-behandeling-van-bepaalde-patienten-met-granulaomatose-met-polyangiitis-gpa-of-microscopische-polyangiitis-mpa,Argumenten volledig,Vifor Pharma (CSL Vifor)
GVS-299,GVS,Afgerond advies,2023-07-11,Uitbreiding voorwaarden,subcutane CGRP-remmers uitbreiding bijlage 2-voorwaarden,,Anders,GVS-advies subcutane CGRP-remmers uitbreiding bijlage 2-voorwaarden,https://www.zorginstituutnederland.nl/documenten/2023/07/11/gvs-advies-subcutane-cgrp-remmers-uitbreiding-bijlage-2-voorwaarden,Argumenten volledig,"Klasse: Novartis (erenumab), Teva (fremanezumab), Lilly (galcanezumab) – gezamenlijke aanvraag"
GVS-300,GVS,Afgerond advies,2023-07-13,Herbeoordeling,nirmatrelvir/ritonavir (Paxlovid®),COVID-19,Anders,Aanvullend GVS-advies nirmatrelvir/ritonavir (Paxlovid®) voor de behandeling van COVID-19,https://www.zorginstituutnederland.nl/documenten/2023/07/13/aanvullend-gvs-advies-nirmatrelvir-ritonavir-paxlovid-voor-de-behandeling-van-covid-19,Argumenten volledig,Pfizer
GVS-301,GVS,Afgerond advies,2023-07-19,Initieel,kaliumcitraat en kaliumwaterstofcarbonaat (Sibnayal®),distale renale tubulaire acidose (dRTA),Niet opnemen,GVS-advies kaliumcitraat en kaliumwaterstofcarbonaat (Sibnayal®) voor de behandeling van distale renale tubulaire acidose (dRTA),https://www.zorginstituutnederland.nl/documenten/2023/07/19/gvs-advies-kaliumcitraat-en-kaliumwaterstofcarbonaat-sibnayal,Argumenten volledig,Advicenne
GVS-302,GVS,Afgerond advies,2023-07-28,Initieel,glucagon (Ogluo®),ernstige hypoglykemie bij volwassenen en kinderen vanaf 2 jaar,Opnemen bijlage 1B,GVS-advies glucagon (Ogluo®) voor de behandeling van ernstige hypoglykemie bij volwassenen en kinderen vanaf 2 jaar,https://www.zorginstituutnederland.nl/documenten/2023/07/28/gvs-advies-glucagon-ogluo-voor-de-behandeling-van-ernstige-hypoglykemie-bij-volwassenen-en-kinderen-vanaf-2-jaar,Argumenten volledig,Tetris Pharma / Xeris
GVS-303,GVS,Afgerond advies,2023-08-14,Initieel,tirzepatide (Mounjaro®),patiënten met diabetes mellitus type 2 zonder zeer hoog risico op hart- en vaatziekten,Opnemen bijlage 1A,GVS-advies tirzepatide (Mounjaro®) voor de behandeling van patiënten met diabetes mellitus type 2 zonder zeer hoog risico op hart- en vaatziekten,https://www.zorginstituutnederland.nl/documenten/2023/08/14/gvs-advies-tirzepatide-mounjaro-voor-de-behandeling-van-patienten-met-diabetes-mellitus-type-2-zonder-zeer-hoog-risico-op-hart--en-vaatziekten,Argumenten volledig,Lilly
GVS-304,GVS,Afgerond advies,2023-08-17,Initieel,tezepelumab (Tezspire®),patienten vanaf 12 jaar met ernstig astma,,GVS-advies tezepelumab tezspire voor de behandeling van patienten vanaf 12 jaar met ernstig astma,https://www.zorginstituutnederland.nl/publicaties/adviezen/2023/08/17/gvs-advies-tezepelumab-tezspire-voor-de-behandeling-van-patienten-vanaf-12-jaar-met-ernstig-astma,Index,
GVS-305,GVS,Afgerond advies,2023-08-22,Initieel,midazolam (Midazolam Xiromed®),epilepsie,Opnemen bijlage 1B,GVS-advies midazolam (Midazolam Xiromed®) voor de behandeling van epilepsie,https://www.zorginstituutnederland.nl/documenten/2023/08/22/gvs-advies-midazolam-midazolam-xiromed-voor-de-behandeling-van-epilepsie,Argumenten volledig,Xiromed
GVS-306,GVS,Afgerond advies,2023-08-31,Initieel,fenfluramine (Fintepla®),epileptische aanvallen bij het dravetsyndroom of lennox-gastautsyndroom,Opnemen na prijsonderhandeling,GVS-advies fenfluramine (Fintepla®) voor de behandeling van epileptische aanvallen bij het dravetsyndroom of lennox-gastautsyndroom,https://www.zorginstituutnederland.nl/documenten/2023/08/31/gvs-advies-fenfluramine-fintepla-voor-de-behandeling-van-epileptische-aanvallen-bij-het-dravetsyndroom-of-lennox-gastautsyndroom,Argumenten volledig,UCB (Zogenix)
GVS-307,GVS,Afgerond advies,2023-11-22,Initieel,latanoprost/netarsudil (Roclanda®),glaucoom en hoge oogdruk,Opnemen bijlage 1B,GVS-advies latanoprost/netarsudil (Roclanda®) voor de behandeling van glaucoom en hoge oogdruk,https://www.zorginstituutnederland.nl/documenten/2023/11/22/gvs-advies-latanoprost-netarsudil-roclanda-voor-de-behandeling-van-glaucoom-en-hoge-oogdruk,Argumenten volledig,Santen
GVS-308,GVS,Afgerond advies,2023-12-07,Uitbreiding voorwaarden,empagliflozine (Jardiance®) uitbreiding bijlage 2-voorwaarden,chronische nierschade,Opnemen met bijlage 2-voorwaarden,GVS-advies empagliflozine (Jardiance®) uitbreiding bijlage 2-voorwaarden voor chronische nierschade,https://www.zorginstituutnederland.nl/documenten/2023/12/07/gvs-advies-empagliflozine-jardiance-uitbreiding-bijlage-2-voorwaarden-voor-chronische-nierschade,Argumenten volledig,Boehringer Ingelheim / Lilly
GVS-309,GVS,Afgerond advies,2023-12-08,Initieel,bempedoïnezuur/ezetimib (Nustendi®),2 vetstofwisselingsziekten,Opnemen na prijsonderhandeling,Advies - vergoed bempedoïnezuur/ezetimib (Nustendi®) voor de behandeling van 2 vetstofwisselingsziekten,https://www.zorginstituutnederland.nl/documenten/2023/12/08/advies---vergoed-bempedoinezuur-ezetimib-nustendi-voor-de-behandeling-van-2-vetstofwisselingsziekten,Argumenten volledig,Daiichi Sankyo
GVS-310,GVS,Afgerond advies,2023-12-11,Uitbreiding voorwaarden,uitbreiding vergoedingsvoorwaarden lumacaftor/ivacaftor (Orkambi®),cystische fibrose,Opnemen met bijlage 2-voorwaarden,GVS-advies uitbreiding vergoedingsvoorwaarden lumacaftor/ivacaftor (Orkambi®) voor de behandeling van cystische fibrose,https://www.zorginstituutnederland.nl/documenten/2023/12/11/gvs-advies-uitbreiding-vergoedingsvoorwaarden-lumacaftor-ivacaftor-orkambi-voor-de-behandeling-van-cystische-fibrose,Argumenten volledig,Vertex
GVS-311,GVS,Afgerond advies,2023-12-12,Initieel,tezepelumab (Tezspire®),patiënten vanaf 12 jaar met ernstig astma,Opnemen met bijlage 2-voorwaarden,GVS-advies tezepelumab (Tezspire®) voor de behandeling van patiënten vanaf 12 jaar met ernstig astma,https://www.zorginstituutnederland.nl/documenten/2023/12/12/gvs-advies-tezepelumab-tezspire-voor-de-behandeling-van-patienten-vanaf-12-jaar-met-ernstig-astma,Argumenten volledig,AstraZeneca / Amgen
GVS-312,GVS,Afgerond advies,2023-12-13,Herbeoordeling,herbeoordeling migalastat (Galafold®),ziekte van Fabry,Niet opnemen,GVS-advies herbeoordeling migalastat (Galafold®) voor de behandeling van de ziekte van Fabry,https://www.zorginstituutnederland.nl/documenten/2023/12/13/gvs-advies-herbeoordeling-migalastat-galafold-voor-de-behandeling-van-de-ziekte-van-fabry,Argumenten volledig,Amicus Therapeutics
GVS-313,GVS,Afgerond advies,2023-12-21,Initieel,voclosporine (Lupkynis®),een zeldzame ontsteking van de nieren (lupus nefritis),Opnemen na prijsonderhandeling,Advies - Vergoed voclosporine (Lupkynis®) voor de behandeling van een zeldzame ontsteking van de nieren (lupus nefritis),https://www.zorginstituutnederland.nl/documenten/2023/12/21/advies---vergoed-voclosporine-lupkynis-voor-de-behandeling-van-een-zeldzame-ontsteking-van-de-nieren-lupus-nefritis,Argumenten volledig,Otsuka
GVS-314,GVS,Afgerond advies,2023-12-23,Bijlage 2-wijziging,lenacapavir (Sunlenca®),,Opnemen met bijlage 2-voorwaarden,Advies - Aanpassing vergoedingsvoorwaarden lenacapavir (Sunlenca®),https://www.zorginstituutnederland.nl/documenten/2023/12/23/advies---aanpassing-vergoedingsvoorwaarden-lenacapavir-sunlenca,Argumenten volledig,Gilead
GVS-315,GVS,Afgerond advies,2023-12-23,Uitbreiding voorwaarden,risdiplam (Evrysdi®),,Opnemen met bijlage 2-voorwaarden,Advies - Uitbreiding vergoedingsvoorwaarden risdiplam (Evrysdi®),https://www.zorginstituutnederland.nl/documenten/2023/12/23/advies-uitbreiding-vergoedingsvoorwaarden-risdiplam-evrysdi,Argumenten volledig,Roche
GVS-316,GVS,Afgerond advies,2024-02-16,Bijlage 2-wijziging,solriamfetol (Sunosi®),,Opnemen met bijlage 2-voorwaarden,Advies - Uitbreiding vergoedingsvoorwaarden solriamfetol (Sunosi®),https://www.zorginstituutnederland.nl/documenten/2024/02/16/advies-uitbreiding-vergoedingsvoorwaarden-solriamfetol-sunosi,Argumenten volledig,Axsome / Pharmanovia
GVS-317,GVS,Afgerond advies,2024-03-13,Initieel,bulevirtide (Hepcludex®),chronische infectie met het hepatitis delta-virus (HDV) bij bepaalde patiënten,Opnemen bijlage 1B,Advies - Vergoed bulevirtide (Hepcludex®) voor de behandeling van chronische infectie met het hepatitis delta-virus (HDV) bij bepaalde patiënten,https://www.zorginstituutnederland.nl/documenten/2024/03/13/advies-vergoed-bulevirtide-hepcludex-voor-de-behandeling-van-chronische-infectie-met-het-hepatitis-delta-virus-hdv-bij-bepaalde-patienten,Argumenten volledig,Gilead
GVS-318,GVS,Afgerond advies,2024-03-25,Initieel,keto- en hydroxy-analogen (Ketosteril®),ernstig afgenomen nierfunctie,Opnemen met bijlage 2-voorwaarden,Advies - vergoed keto- en hydroxy-analogen (Ketosteril®) voor de behandeling van ernstig afgenomen nierfunctie,https://www.zorginstituutnederland.nl/documenten/2024/03/25/gvs-advies-keto--en-hydroxy-analogen-ketosteril-bij-ernstig-afgenomen-nierfunctie,Argumenten volledig,Fresenius Kabi
GVS-319,GVS,Afgerond advies,2024-05-01,Initieel,mavacamten (Camzyos®),een bepaalde hartspierziekte,Opnemen met bijlage 2-voorwaarden,Advies - vergoed mavacamten (Camzyos®) voor de behandeling van een bepaalde hartspierziekte,https://www.zorginstituutnederland.nl/documenten/2024/05/01/gvs-advies-mavacamten-camzyos-bij-hocm,Argumenten volledig,Bristol Myers Squibb
GVS-320,GVS,Afgerond advies,2024-05-14,Uitstroom / herbeoordeling bestaand middel,codeïne alleen nog,"ernstige, langdurige diarree",Uitstroom / niet langer vergoeden,"Advies - vergoed codeïne alleen nog voor de behandeling van ernstige, langdurige diarree",https://www.zorginstituutnederland.nl/documenten/2024/05/14/pakketadvies-codeine,Argumenten volledig,n.v.t. (generiek; diverse leveranciers)
GVS-321,GVS,Afgerond advies,2024-05-21,Initieel,relugolix (Orgovyx®),prostaatkanker,Opnemen bijlage 1A,Advies - vergoed relugolix (Orgovyx®) voor de behandeling van prostaatkanker,https://www.zorginstituutnederland.nl/documenten/2024/05/21/gvs-advies-relugolix-orgovyx,Argumenten volledig,Accord / Myovant
GVS-322,GVS,Afgerond advies,2024-06-07,Initieel,benralizumab (Fasenra®),ernstig astma,Opnemen bijlage 1A,Advies - vergoed benralizumab (Fasenra®) voor de behandeling van ernstig astma,https://www.zorginstituutnederland.nl/documenten/2024/06/07/gvs-advies-benralizumab-fasenra,Argumenten volledig,AstraZeneca
GVS-323,GVS,Afgerond advies,2024-06-07,Initieel,nasaal midazolam (Nasolam®),epilepsie,Opnemen bijlage 1B,Advies - vergoed nasaal midazolam (Nasolam®) voor de behandeling van epilepsie,https://www.zorginstituutnederland.nl/documenten/2024/06/07/gvs-advies-nasaal-midazolam-nasolam,Argumenten volledig,Xiromed / Neuraxpharm
GVS-324,GVS,Afgerond advies,2024-06-26,Uitbreiding voorwaarden,Advies - uitbreiding vergoeding axicabtagene ciloleucel (Yescarta®),lymfeklierkanker,Opnemen na prijsonderhandeling,Advies - uitbreiding vergoeding axicabtagene ciloleucel (Yescarta®) voor de behandeling van lymfeklierkanker,https://www.zorginstituutnederland.nl/documenten/2024/06/26/pakketadvies-axicabtagene-ciloleucel-yescarta-voor-de-behandeling-van-lymfeklierkanker,Argumenten volledig,Kite / Gilead
GVS-325,GVS,Afgerond advies,2024-07-01,Initieel,naldemedine (Rizmoic®),verstopte darmen door sterke pijnstillers (opioïden),Opnemen bijlage 1A,Advies - vergoed naldemedine (Rizmoic®) voor de behandeling van verstopte darmen door sterke pijnstillers (opioïden),https://www.zorginstituutnederland.nl/documenten/2024/07/01/gvs-advies-naldemedine-rizmoic,Argumenten volledig,Shionogi
GVS-326,GVS,Afgerond advies,2024-07-12,Initieel,semaglutide (Wegovy®),obesitas,Niet opnemen,Advies - niet vergoeden semaglutide (Wegovy®) bij de behandeling van obesitas,https://www.zorginstituutnederland.nl/documenten/2024/07/12/gvs-advies-semaglutide-wegovy-bij-obesitas,Argumenten volledig,Novo Nordisk
GVS-327,GVS,Afgerond advies,2024-07-31,Uitbreiding voorwaarden,baricitinib (Olumiant®),ernstige alopecia areata,Opnemen met bijlage 2-voorwaarden,Advies - vergoed baricitinib (Olumiant®) voor de behandeling van ernstige alopecia areata,https://www.zorginstituutnederland.nl/documenten/2024/07/31/gvs-advies-baricitinib-olumiant-bij-ernstige-alopecia-areata,Argumenten volledig,Lilly
GVS-328,GVS,Afgerond advies,2024-08-02,Uitbreiding voorwaarden,empagliflozine (Jardiance®),ziekte van Von Gierke en het syndroom van Fanconi-Bickel,Opnemen met bijlage 2-voorwaarden,Advies - vergoed empagliflozine (Jardiance®) voor de behandeling van de ziekte van Von Gierke en het syndroom van Fanconi-Bickel,https://www.zorginstituutnederland.nl/documenten/2024/08/02/gvs-advies-uitbreiding-nadere-voorwaarden-empagliflozine-jardiance,Argumenten volledig,Boehringer Ingelheim / Lilly (aanvraag door beroepsgroep)
GVS-329,GVS,Afgerond advies,2024-08-05,Initieel,omalizumab (Xolair®),ernstig astma,Opnemen bijlage 1A,Advies - vergoed omalizumab (Xolair®) voor de behandeling van ernstig astma,https://www.zorginstituutnederland.nl/documenten/2024/08/05/gvs-advies-omalizumab-xolair-voor-de-behandeling-van-ernstig-astma,Argumenten volledig,Novartis
GVS-330,GVS,Afgerond advies,2024-08-29,Initieel,zilucoplan (Zilbrysq®),myasthenia gravis,Opnemen na prijsonderhandeling,Advies - vergoed zilucoplan (Zilbrysq®) voor de behandeling van myasthenia gravis,https://www.zorginstituutnederland.nl/documenten/2024/08/29/gvs-advies-zilucoplan-zilbrysq,Argumenten volledig,UCB
GVS-331,GVS,Afgerond advies,2024-08-29,Initieel,vutrisiran (Amvuttra®),een bepaalde vorm van amyloïdose,Opnemen na prijsonderhandeling,Advies - vergoed vutrisiran (Amvuttra®) voor de behandeling van een bepaalde vorm van amyloïdose,https://www.zorginstituutnederland.nl/documenten/2024/08/29/gvs-advies-vutrisiran-amvuttra,Argumenten volledig,Alnylam
GVS-332,GVS,Afgerond advies,2024-08-29,Bijlage 2-wijziging,inclisiran (Leqvio®) en bempedoïnezuur (Nilemdo®),,Opnemen met bijlage 2-voorwaarden,Advies - Uitbreiding vergoedingsvoorwaarden inclisiran (Leqvio®) en bempedoïnezuur (Nilemdo®),https://www.zorginstituutnederland.nl/documenten/2024/08/29/gvs-advies-inclisiran-leqvio-en-bempedoinezuur-nilemdo,Argumenten volledig,Novartis / Daiichi Sankyo
GVS-333,GVS,Afgerond advies,2024-09-18,Herbeoordeling,nirmatrelvir/ritonavir (Paxlovid®) vergoeden,COVID-19,Anders,Advies - blijf nirmatrelvir/ritonavir (Paxlovid®) vergoeden voor de behandeling van COVID-19,https://www.zorginstituutnederland.nl/documenten/2024/09/18/aanvullend-gvs-advies-nirmatrelvir-ritonavir-paxlovid-voor-de-behandeling-van-covid-19-2024,Argumenten volledig,Pfizer
GVS-334,GVS,Afgerond advies,2024-09-20,Initieel,maralixibat (Livmarli®),bepaalde patiënten met het syndroom van Alagille (ALGS),Opnemen bijlage 1A,Advies - vergoed maralixibat (Livmarli®) voor de behandeling van bepaalde patiënten met het syndroom van Alagille (ALGS),https://www.zorginstituutnederland.nl/documenten/2024/09/20/gvs-advies-maralixibat-livmarli-bij-het-syndroom-van-alagille-algs,Argumenten volledig,Mirum
GVS-335,GVS,Afgerond advies,2024-09-24,Initieel,mometason/olopatadine neusspray (Ryaltris®),allergische rinitis,Opnemen bijlage 1B,Advies - vergoed mometason/olopatadine neusspray (Ryaltris®) voor de behandeling van allergische rinitis,https://www.zorginstituutnederland.nl/documenten/2024/09/24/gvs-advies-mometason-olopatadine-ryaltris-bij-allergische-rinitis,Argumenten volledig,Glenmark
GVS-336,GVS,Afgerond advies,2024-10-02,Initieel,fluorouracilcrème (Tolak®),huidaandoening actinische keratose,Opnemen bijlage 1A,Advies - vergoed fluorouracilcrème (Tolak®) voor de behandeling van huidaandoening actinische keratose,https://www.zorginstituutnederland.nl/documenten/2024/10/02/gvs-advies-fluorouracilcreme-tolak,Argumenten volledig,Pierre Fabre
GVS-337,GVS,Afgerond advies,2024-10-08,Initieel,9vHPV-vaccin (Gardasil 9®),kanker door HPV-virus voor bepaalde vrouwen,Niet opnemen,Advies - niet vergoeden 9vHPV-vaccin (Gardasil 9®) tegen kanker door HPV-virus voor bepaalde vrouwen,https://www.zorginstituutnederland.nl/documenten/2024/10/08/gvs-advies-9vhpv-vaccin-gardasil,Argumenten volledig,MSD
GVS-338,GVS,Afgerond advies,2024-10-21,Uitbreiding voorwaarden,gordelroos-vaccin (Shingrix®),specifieke medische risicogroep,Opnemen met bijlage 2-voorwaarden,Advies - wel uitbreiden vergoedingsvoorwaarden gordelroos-vaccin (Shingrix®) voor specifieke medische risicogroep,https://www.zorginstituutnederland.nl/documenten/2024/10/21/gvs-advies-uitbreiding-vergoedingsvoorwaarden-gordelroos-vaccin-shingrix,Argumenten volledig,GSK
GVS-339,GVS,Afgerond advies,2024-10-23,Initieel,ritlecitinib (Litfulo®),ernstige alopecia areata,Opnemen bijlage 1A,Advies - vergoed ritlecitinib (Litfulo®) voor de behandeling van ernstige alopecia areata,https://www.zorginstituutnederland.nl/documenten/2024/10/23/gvs-advies-ritlecitinib-litfulo-voor-ernstige-alopecia-areata,Argumenten volledig,Pfizer
GVS-340,GVS,Afgerond advies,2024-10-23,Initieel,atogepant (Aquipta®),migraine,Opnemen met bijlage 2-voorwaarden,Advies - vergoed atogepant (Aquipta®) voor de behandeling van migraine,https://www.zorginstituutnederland.nl/documenten/2024/10/23/gvs-advies-atogepant-aquipta-voor-de-behandeling-van-migraine,Argumenten volledig,AbbVie
GVS-341,GVS,Afgerond advies,2024-10-25,Uitbreiding voorwaarden,relugolix in combinatie met estradiol en norethisteronacetaat (Ryeqo®),endometriose,Opnemen met bijlage 2-voorwaarden,Advies - vergoed relugolix in combinatie met estradiol en norethisteronacetaat (Ryeqo®) voor de behandeling van endometriose,https://www.zorginstituutnederland.nl/documenten/2024/10/25/gvs-advies-relugolix-in-combinatie-met-estradiol-en-norethisteronacetaat-ryeqo,Argumenten volledig,Gedeon Richter
GVS-342,GVS,Afgerond advies,2024-11-04,Uitbreiding voorwaarden,elexacaftor/tezacaftor/ivacaftor (Kaftrio®) in combinatie met ivacaftor (Kalydeco®),,Opnemen na prijsonderhandeling,Advies - wel uitbreiden vergoedingsvoorwaarden elexacaftor/tezacaftor/ivacaftor (Kaftrio®) in combinatie met ivacaftor (Kalydeco®),https://www.zorginstituutnederland.nl/documenten/2024/11/04/gvs-advies-elexacaftor-tezacaftor-ivacaftor-kaftrio-in-combinatie-met-ivacaftor-kalydeco,Argumenten volledig,Vertex
GVS-343,GVS,Afgerond advies,2024-11-27,Initieel,rabiësvaccin (Verorab®),hondsdolheid te voorkomen na een mogelijke besmetting,Opnemen met bijlage 2-voorwaarden,Advies - vergoed rabiësvaccin (Verorab®) om hondsdolheid te voorkomen na een mogelijke besmetting,https://www.zorginstituutnederland.nl/documenten/2024/11/27/gvs-advies-rabiesvaccin-verorab,Argumenten volledig,Sanofi Pasteur
GVS-344,GVS,Afgerond advies,2024-12-03,Initieel,ontvet pinda-eiwit (Palforzia®),bepaalde patiënten met ernstige pinda-allergie,Opnemen met bijlage 2-voorwaarden,Advies - vergoed ontvet pinda-eiwit (Palforzia®) voor bepaalde patiënten met ernstige pinda-allergie,https://www.zorginstituutnederland.nl/documenten/2024/12/03/gvs-advies-ontvet-pinda-eiwit-palforzia,Argumenten volledig,Aimmune / Nestlé Health Science (Stallergenes Greer)
GVS-345,GVS,Afgerond advies,2024-12-03,Initieel,hepatitis B-immunoglobuline (Uman Big®),het voorkomen van infectie of herinfectie met het hepatitis B-virus,Opnemen bijlage 1B,Advies - vergoed hepatitis B-immunoglobuline (Uman Big®) bij het voorkomen van infectie of herinfectie met het hepatitis B-virus,https://www.zorginstituutnederland.nl/publicaties/adviezen/2024/12/03/gvs-advies-hepatitis-b-immunoglobuline-uman-big,Argumenten volledig,Kedrion
GVS-346,GVS,Afgerond advies,2025-02-11,Herbeoordeling,teduglutide (Revestive®),kortedarmsyndroom,Anders,Advies - voorwaardelijk toelaten teduglutide (Revestive®) voor de behandeling van kortedarmsyndroom,https://www.zorginstituutnederland.nl/documenten/2025/02/11/vt-advies-teduglutide-revestive,Argumenten volledig,Takeda
GVS-347,GVS,Afgerond advies,2025-02-24,Initieel,rozanolixizumab (Rystiggo®),myasthenia gravis,Opnemen bijlage 1A,Advies - vergoed rozanolixizumab (Rystiggo®) voor de behandeling van myasthenia gravis,https://www.zorginstituutnederland.nl/documenten/2025/02/24/gvs-advies-rozanolixizumab-rystiggo-voor-de-behandeling-van-myasthenia-gravis,Argumenten volledig,UCB
GVS-348,GVS,Afgerond advies,2025-02-24,Uitbreiding voorwaarden,cannabidiol (Epidyolex®),ziekte van Bourneville-Pringle,Opnemen met bijlage 2-voorwaarden,Advies - vergoed cannabidiol (Epidyolex®) voor de behandeling van de ziekte van Bourneville-Pringle,https://www.zorginstituutnederland.nl/documenten/2025/02/24/gvs-advies-cannabidiol-epidyolex-voor-de-behandeling-van-de-ziekte-van-bourneville-pringle,Argumenten volledig,Jazz Pharmaceuticals
GVS-349,GVS,Afgerond advies,2025-02-28,Initieel,rimegepant (Vydura®),migraine,Niet opnemen,Advies - niet vergoeden rimegepant (Vydura®) voor de behandeling van migraine,https://www.zorginstituutnederland.nl/documenten/2025/02/28/gvs-advies-rimegepant-vydura-voor-de-behandeling-van-migraine,Argumenten volledig,Pfizer
GVS-350,GVS,Afgerond advies,2025-03-12,Uitbreiding voorwaarden,subcutane CGRP-remmers,,Opnemen met bijlage 2-voorwaarden,Advies - uitbreiding vergoedingsvoorwaarden subcutane CGRP-remmers,https://www.zorginstituutnederland.nl/documenten/2025/03/12/gvs-advies-subcutane-cgrp-remmers,Basisgegevens,Novartis / Teva / Lilly
GVS-351,GVS,Afgerond advies,2025-03-18,Initieel,iptacopan (Fabhalta®),paroxismale nachtelijke hemoglobinurie,Opnemen na prijsonderhandeling,Advies - vergoed iptacopan (Fabhalta®) voor de behandeling van paroxismale nachtelijke hemoglobinurie,https://www.zorginstituutnederland.nl/documenten/2025/03/18/gvs-advies-iptacopan-fabhalta-bij-pnh,Argumenten volledig,Novartis
GVS-352,GVS,Afgerond advies,2025-03-19,Initieel,methylprednisolon (Methylprednisolon ACE®),symptomatische aanvallen bij multiple sclerose,Opnemen bijlage 1B,Advies - vergoed methylprednisolon (Methylprednisolon ACE®) voor de behandeling van symptomatische aanvallen bij multiple sclerose,https://www.zorginstituutnederland.nl/documenten/2025/03/19/gvs-advies-methylprednisolon-methylprednisolon-ace-voor-de-behandeling-van-symptomatische-aanvallen-bij-multiple-sclerose,Basisgegevens,ACE Pharmaceuticals
GVS-353,GVS,Afgerond advies,2025-03-24,Initieel,berotralstat (Orladeyo®),het voorkomen van terugkerende aanvallen van hereditair angio-oedeem (HAE),Opnemen met bijlage 2-voorwaarden,Advies - vergoed berotralstat (Orladeyo®) voor het voorkomen van terugkerende aanvallen van hereditair angio-oedeem (HAE),https://www.zorginstituutnederland.nl/documenten/2025/03/24/gvs-advies-berotralstat-orladeyo-voor-de-behandeling-van-hereditair-angio-oedeem,Basisgegevens,BioCryst
GVS-354,GVS,Afgerond advies,2025-03-26,Initieel,deflazacort (Deflazacort XGX Pharma®),ziekte van Duchenne,Opnemen met bijlage 2-voorwaarden,Advies - vergoed deflazacort (Deflazacort XGX Pharma®) voor de behandeling van de ziekte van Duchenne,https://www.zorginstituutnederland.nl/documenten/2025/03/26/gvs-advies-deflazacort-deflazacort-xgx-pharma-voor-de-behandeling-van-de-ziekte-van-duchenne,Basisgegevens,XGX Pharma
GVS-355,GVS,Afgerond advies,2025-03-26,Initieel,RSVPreF3-vaccin (Arexvy®),bepaalde patiënten met verhoogd risico op ziekte door RS-virus,Niet opnemen,Advies - niet vergoeden RSVPreF3-vaccin (Arexvy®) voor bepaalde patiënten met verhoogd risico op ziekte door RS-virus,https://www.zorginstituutnederland.nl/documenten/2025/03/26/gvs-advies-rsvpref3-vaccin-arexvy-voor-bepaalde-patienten-met-verhoogd-risico-op-ziekte-door-rs-virus,Argumenten volledig,GSK
GVS-356,GVS,Afgerond advies,2025-04-22,Uitbreiding voorwaarden,setmelanotide (Imcivree®),obesitas door het syndroom van Bardet-Biedl,Anders,Advies - niet vergoeden setmelanotide (Imcivree®) voor de behandeling van obesitas door het syndroom van Bardet-Biedl,https://www.zorginstituutnederland.nl/documenten/2025/04/22/gvs-advies-setmelanotide-imcivree-voor-de-behandeling-van-obesitas-door-het-syndroom-van-bardet-biedl,Basisgegevens,Rhythm
GVS-357,GVS,Afgerond advies,2025-04-30,Initieel,vibegron (Obgemsa®),een overactieve blaas,Opnemen bijlage 1A,Advies - vergoed vibegron (Obgemsa®) voor de behandeling van een overactieve blaas,https://www.zorginstituutnederland.nl/documenten/2025/04/30/gvs-advies-vibegron-obgemsa-voor-de-behandeling-van-een-overactieve-blaas,Basisgegevens,Pierre Fabre
GVS-358,GVS,Afgerond advies,2025-05-27,Uitbreiding voorwaarden,maralixibat (Livmarli®),zeldzame en ernstige leverziekte,Opnemen met bijlage 2-voorwaarden,Advies - vergoed maralixibat (Livmarli®) voor de behandeling van zeldzame en ernstige leverziekte,https://www.zorginstituutnederland.nl/documenten/2025/05/27/gvs-advies-maralixibat-livmarli-voor-de-behandeling-van-zeldzame-en-ernstige-leverziekte,Basisgegevens,Mirum
GVS-359,GVS,Afgerond advies,2025-06-04,Uitbreiding voorwaarden,benralizumab (Fasenra®),een bepaalde vorm van vasculitis (EGPA),Opnemen met bijlage 2-voorwaarden,Advies - vergoed benralizumab (Fasenra®) voor de behandeling van een bepaalde vorm van vasculitis (EGPA),https://www.zorginstituutnederland.nl/documenten/2025/06/04/gvs-advies-benralizumab-fasenra-voor-de-behandeling-van-egpa,Basisgegevens,AstraZeneca
GVS-360,GVS,Afgerond advies,2025-06-10,Initieel,PCV20-vaccin (Prevenar 20®),het voorkomen van pneumokokkenziekte bij medische risicogroepen,Opnemen met bijlage 2-voorwaarden,Advies - vergoed PCV20-vaccin (Prevenar 20®) voor het voorkomen van pneumokokkenziekte bij medische risicogroepen,https://www.zorginstituutnederland.nl/documenten/2025/06/10/gvs-advies-pcv20-vaccin-prevenar-20-voor-het-voorkomen-van-pneumokokkenziekte-bij-medische-risicogroepen,Basisgegevens,Pfizer
GVS-361,GVS,Afgerond advies,2025-07-01,Uitbreiding voorwaarden,SA huisstofmijten (Acarizax®),ontsteking van het neusslijmvlies door huisstofmijt,Opnemen met bijlage 2-voorwaarden,Advies - aanpassen vergoedingsvoorwaarden SA huisstofmijten (Acarizax®) voor de behandeling van ontsteking van het neusslijmvlies door huisstofmijt,https://www.zorginstituutnederland.nl/documenten/2025/07/01/gvs-advies-aanpassen-vergoedingsvoorwaarden-sa-huisstofmijten-acarizax-voor-de-behandeling-van-ontsteking-van-het-neusslijmvlies-door-huisstofmijt,Basisgegevens,ALK-Abelló
GVS-362,GVS,Afgerond advies,2025-07-01,Bijlage 2-wijziging,SGLT2-remmers,diabetes mellitus type 2,Anders,Advies - vervallen voorwaarden van SGLT2-remmers voor de behandeling van diabetes mellitus type 2,https://www.zorginstituutnederland.nl/documenten/2025/07/01/gvs-advies-medicijnen-sglt2-remmers-voor-diabetes-mellitus-type-2,Argumenten volledig,"Klasse SGLT2-remmers (cluster 0A10BXAO): AstraZeneca (dapagliflozine), Boehringer Ingelheim/Lilly (empagliflozine), Janssen (canagliflozine), MSD (ertugliflozine)"
GVS-363,GVS,Afgerond advies,2025-07-08,Initieel,acoramidis (Beyonttra®),amyloïdose,Opnemen na prijsonderhandeling,Advies - vergoed acoramidis (Beyonttra®) voor de behandeling van amyloïdose,https://www.zorginstituutnederland.nl/documenten/2025/07/08/gvs-advies-acoramidis-beyonttra-voor-de-behandeling-van-amyloidose,Argumenten volledig,Bayer / BridgeBio
GVS-364,GVS,Afgerond advies,2025-07-11,Initieel,crovalimab (PiaSky®),paroxismale nachtelijke hemoglobinurie,Opnemen na prijsonderhandeling,Advies - vergoed crovalimab (PiaSky®) voor de behandeling van paroxismale nachtelijke hemoglobinurie,https://www.zorginstituutnederland.nl/documenten/2025/07/11/gvs-advies-crovalimab-piasky-voor-de-behandeling-van-paroxismale-nachtelijke-hemoglobinurie,Argumenten volledig,Roche
GVS-365,GVS,Afgerond advies,2025-07-31,Initieel,omaveloxolon (Skyclarys®),ataxie van Friedreich,Opnemen na prijsonderhandeling,Advies - niet vergoeden omaveloxolon (Skyclarys®) voor de behandeling van ataxie van Friedreich,https://www.zorginstituutnederland.nl/documenten/2025/07/31/gvs-advies-omaveloxolon-skyclarys-voor-de-behandeling-van-ataxie-van-friedreich,Argumenten volledig,Biogen (Reata)
GVS-366,GVS,Afgerond advies,2025-08-20,Initieel,eplontersen (Wainzua®),een bepaalde vorm van amyloïdose,Opnemen bijlage 1A,Advies - vergoed eplontersen (Wainzua®) voor de behandeling van een bepaalde vorm van amyloïdose,https://www.zorginstituutnederland.nl/documenten/2025/08/20/gvs-advies-eplontersen-wainzua-voor-erfelijke-vorm-van-amyloidose,Basisgegevens,AstraZeneca / Ionis
GVS-367,GVS,Afgerond advies,2025-08-26,Initieel,garadacimab (Andembry®),hereditair angio-oedeem (HAE),Opnemen bijlage 1A,Advies - vergoed garadacimab (Andembry®) voor de behandeling van hereditair angio-oedeem (HAE),https://www.zorginstituutnederland.nl/documenten/2025/08/26/gvs-advies-garadacimab-andembry-bij-angio-oedeem,Basisgegevens,CSL Behring
GVS-368,GVS,Afgerond advies,2025-09-05,Initieel,nirsevimab (Beyfortus®),bepaalde kinderen met verhoogd risico op ziekte door RS-virus,Opnemen bijlage 1A,Advies - vergoed nirsevimab (Beyfortus®) voor bepaalde kinderen met verhoogd risico op ziekte door RS-virus,https://www.zorginstituutnederland.nl/documenten/2025/09/05/gvs-advies-nirsevimab-beyfortus-bij-rs-virus,Basisgegevens,Sanofi / AstraZeneca
GVS-369,GVS,Afgerond advies,2025-09-10,Initieel,danicopan (Voydeya®),paroxismale nachtelijke hemoglobinurie,Opnemen met bijlage 2-voorwaarden,Advies - vergoed danicopan (Voydeya®) voor de behandeling van paroxismale nachtelijke hemoglobinurie,https://www.zorginstituutnederland.nl/documenten/2025/09/10/gvs-advies-danicopan-voydeya-bij-pnh,Basisgegevens,Alexion
GVS-370,GVS,Afgerond advies,2025-09-30,Bijlage 2-wijziging,relugolix in combinatie met estradiol en norethisteronacetaat (Ryeqo®),,Opnemen met bijlage 2-voorwaarden,Advies - laten vervallen vergoedingsvoorwaarden relugolix in combinatie met estradiol en norethisteronacetaat (Ryeqo®),https://www.zorginstituutnederland.nl/documenten/2025/09/30/gvs-advies-vervallen-vergoedingsvoorswaarden-relugolix-icm-estradiol-en-norethisteronacetaat-ryeqo,Basisgegevens,Gedeon Richter / Theramex
GVS-371,GVS,Afgerond advies,2025-09-30,Bijlage 2-wijziging,ofatumumab (Kesimpta®),multiple sclerose,Opnemen bijlage 1A,Advies - niet wijzigen vergoedingsvoorwaarden ofatumumab (Kesimpta®) voor multiple sclerose,https://www.zorginstituutnederland.nl/documenten/2025/09/30/gvs-advies-herbeoordeling-ofatumumab-kesimpta-voor-multiple-sclerose,Basisgegevens,Novartis
GVS-372,GVS,Afgerond advies,2025-10-09,Initieel,odevixibat (Kayfanda®),bepaalde patiënten met het syndroom van Alagille (ALGS),Opnemen bijlage 1A,Advies - vergoed odevixibat (Kayfanda®) voor de behandeling van bepaalde patiënten met het syndroom van Alagille (ALGS),https://www.zorginstituutnederland.nl/documenten/2025/10/09/gvs-advies-odevixibat-kayfanda-voor-algs,Basisgegevens,Ipsen
GVS-373,GVS,Afgerond advies,2025-10-10,Uitbreiding voorwaarden,sildenafil en tadalafil,,Opnemen met bijlage 2-voorwaarden,Advies - uitbreiding vergoedingsvoorwaarden  sildenafil en tadalafil,https://www.zorginstituutnederland.nl/documenten/2025/10/10/gvs-advies-uitbreiding-vergoedingsvoorwaarden-sildenafil-en-tadalafil,Basisgegevens,Generiek (NIV-verzoek)
GVS-374,GVS,Afgerond advies,2025-10-22,Uitbreiding voorwaarden,atogepant (Aquipta®),episodische migraine,Opnemen met bijlage 2-voorwaarden,Advies - uitbreiding vergoedingsvoorwaarden atogepant (Aquipta®) voor de behandeling van episodische migraine,https://www.zorginstituutnederland.nl/documenten/2025/10/22/gvs-advies-uitbreiding-vergoedingsvoorwaarden-atogepant,Basisgegevens,AbbVie
GVS-375,GVS,Afgerond advies,2025-10-31,Uitbreiding voorwaarden,elexacaftor/tezacaftor/ivacaftor (Kaftrio®) met ivacaftor (Kalydeco®),zeldzame vormen van taaislijmziekte,Niet opnemen,Advies - nog geen vergoeding elexacaftor/tezacaftor/ivacaftor (Kaftrio®) met ivacaftor (Kalydeco®) voor de behandeling van zeldzame vormen van taaislijmziekte,https://www.zorginstituutnederland.nl/documenten/2025/10/31/gvs-advies-elexacaftor-tezacaftor-ivacaftor-kaftrio-met-ivacaftor-kalydeco-uitbreiding-nadere-voorwaarden,Argumenten volledig,Vertex
GVS-376,GVS,Afgerond advies,2025-11-05,Herbeoordeling,pitolisant (Ozawade®),slaapapneu,Opnemen met bijlage 2-voorwaarden,Advies - vergoed pitolisant (Ozawade®) voor de behandeling van slaapapneu (herbeoordeling),https://www.zorginstituutnederland.nl/documenten/2025/11/05/gvs-advies-pitolisant-ozawade-voor-de-behandeling-van-slaapapneu-herbeoordeling,Argumenten volledig,Bioprojet
GVS-377,GVS,Afgerond advies,2025-12-03,Initieel,enalapril (Aqumeldi®),kinderen vanaf de geboorte tot 14 jaar met hartfalen,Opnemen bijlage 1B,Advies - vergoed enalapril (Aqumeldi®) voor de behandeling van kinderen vanaf de geboorte tot 14 jaar met hartfalen,https://www.zorginstituutnederland.nl/documenten/2025/12/03/gvs-advies-enalapril-aqumeldi-voor-de-behandeling-van-kinderen-vanaf-de-geboorte-tot-14-jaar-met-hartfalen,Basisgegevens,Proveca
GVS-378,GVS,Afgerond advies,2025-12-05,Uitbreiding voorwaarden,bempedoïnezuur (Nilemdo®) en bempedoïnezuur met ezetimib (Nustendi®),te hoog cholesterol,Opnemen met bijlage 2-voorwaarden,Advies - uitbreiding vergoedingsvoorwaarden bempedoïnezuur (Nilemdo®) en bempedoïnezuur met ezetimib (Nustendi®) voor de behandeling van te hoog cholesterol,https://www.zorginstituutnederland.nl/documenten/2025/12/05/gvs-advies-uitbreiding-nadere-voorwaarden-bempedoinezuur-nilemdo-en-icm-ezetimib-nustendi-bij-hypercholesterolemie,Basisgegevens,Daiichi Sankyo
GVS-379,GVS,Afgerond advies,2025-12-08,Uitbreiding voorwaarden,vutrisiran (Amvuttra®),,Opnemen na prijsonderhandeling,Advies - uitbreiding vergoedingsvoorwaarden vutrisiran (Amvuttra®),https://www.zorginstituutnederland.nl/documenten/2025/12/08/gvs-advies-uitbreiding-nadere-voorwaarden-vutrisiran-amvuttra-bij-amyloidose,Argumenten volledig,Alnylam
GVS-380,GVS,Afgerond advies,2025-12-15,Initieel,abaloparatide (Eladynos®),botontkalking,Opnemen bijlage 1A,Advies - vergoed abaloparatide (Eladynos®) voor de behandeling van botontkalking,https://www.zorginstituutnederland.nl/documenten/2025/12/15/gvs-advies-abaloparatide-eladynos-voor-osteoporose-bij-postmenopauzale-vrouwen,Basisgegevens,Theramex
GVS-381,GVS,Afgerond advies,2025-12-19,Initieel,olezarsen (Tryngolza®),familiair chylomicronemiesyndroom (FCS),Opnemen bijlage 1A,Advies - vergoed olezarsen (Tryngolza®) voor de behandeling van familiair chylomicronemiesyndroom (FCS),https://www.zorginstituutnederland.nl/documenten/2025/12/19/gvs-advies-olezarsen-tryngolza-voor-de-behandeling-van-familiair-chylomicronemiesyndroom-fcs,Basisgegevens,Ionis / Sobi
GVS-382,GVS,Afgerond advies,2025-12-19,Initieel,levodopa (Inbrija®),Parkinson,Opnemen met bijlage 2-voorwaarden,Advies - vergoed levodopa (Inbrija®) voor de behandeling van Parkinson,https://www.zorginstituutnederland.nl/documenten/2025/12/19/gvs-advies-levodopa-inbrija-voor-de-behandeling-van-parkinson,Basisgegevens,Zambon
GVS-383,GVS,Afgerond advies,2026-03-18,Initieel,fezolinetant (Veoza®),matige tot ernstige overgangsklachten,,GVS-advies fezolinetant veoza voor de behandeling van matige tot ernstige overgangsklachten,https://www.zorginstituutnederland.nl/documenten/2026/03/18/gvs-advies-fezolinetant-veoza-voor-de-behandeling-van-matige-tot-ernstige-overgangsklachten,Index,
GVS-384,GVS,Afgerond advies,2026-03-19,Uitbreiding voorwaarden,tirzepatide (Mounjaro®),mensen met diabetes en een zeer hoog risico op hart- en vaatziekten,Opnemen met bijlage 2-voorwaarden,Advies - uitbreiding vergoedingsvoorwaarden tirzepatide (Mounjaro®) voor mensen met diabetes en een zeer hoog risico op hart- en vaatziekten,https://www.zorginstituutnederland.nl/documenten/2026/03/19/gvs-advies-uitbreiding-nadere-voorwaarden-tirzepatide-mounjaro-voor-patienten-met-diabetes-en-een-zeer-hoog-risico-op-hart--en-vaatziekten,Basisgegevens,Lilly
GVS-385,GVS,Afgerond advies,2026-03-23,Initieel,linzagolix (Yselty®),vleesbomen in de baarmoeder,,GVS-advies linzagolix yselty voor de behandeling van vleesbomen in de baarmoeder,https://www.zorginstituutnederland.nl/documenten/2026/03/23/gvs-advies-linzagolix-yselty-voor-de-behandeling-van-vleesbomen-in-de-baarmoeder,Index,
GVS-386,GVS,Afgerond advies,2026-05-13,Initieel,donidalorsen (Dawnzera®),hereditair angio oedeem,,GVS-advies donidalorsen dawnzera voor de behandeling van hereditair angio oedeem,https://www.zorginstituutnederland.nl/documenten/2026/05/13/gvs-advies-donidalorsen-dawnzera-voor-de-behandeling-van-hereditair-angio-oedeem,Index,
GVS-387,GVS,Afgerond advies,2026-05-27,Initieel,fezolinetant (Veoza®),matige tot ernstige overgangsklachten,Opnemen met bijlage 2-voorwaarden,Advies - vergoed fezolinetant (Veoza®) voor de behandeling van matige tot ernstige overgangsklachten,https://www.zorginstituutnederland.nl/documenten/2026/05/27/gvs-advies-fezolinetant-veoza-voor-de-behandeling-van-matige-tot-ernstige-overgangsklachten,Basisgegevens,Astellas
GVS-388,GVS,Afgerond advies,2026-05-28,Initieel,anifrolumab subcutaan (Saphnelo®),systemische lupus erythematosus,Opnemen bijlage 1B,Advies - vergoed anifrolumab subcutaan (Saphnelo®) voor de behandeling van systemische lupus erythematosus,https://www.zorginstituutnederland.nl/documenten/2026/05/28/gvs-advies-anifrolumab-saphnelo-voor-de-behandeling-van-systemische-lupus-erythematosus,Argumenten volledig,AstraZeneca
GVS-389,GVS,Afgerond advies,2016-10-13,Uitstroom / herbeoordeling bestaand middel,n.v.t. (klassebreed / beleidsadvies),Uitstroomadvies Calmurid crème,Uitstroom / niet langer vergoeden,Uitstroomadvies Calmurid crème,https://www.zorginstituutnederland.nl/documenten/2016/10/13/uitstroomadvies-calmurid-creme,Argumenten volledig,n.v.t. (uitstroomadvies; Calmurid: Galderma)
GVS-390,GVS,Afgerond advies,2016-12-13,Uitstroom / herbeoordeling bestaand middel,n.v.t. (klassebreed / beleidsadvies),"Pakketadvies: Horen vitaminen, mineralen en paracetamol 1000 mg (nog) thuis in het te verzekeren pakket?",Uitstroom / niet langer vergoeden,"Pakketadvies: Horen vitaminen, mineralen en paracetamol 1000 mg (nog) thuis in het te verzekeren pakket?",https://www.zorginstituutnederland.nl/documenten/2016/12/13/pakketadvies---horen-vitaminen-mineralen-en-paracetamol-1000-mg-nog-thuis-in-het-te-verzekeren-pakket,Argumenten volledig,n.v.t. (klassebreed uitstroomadvies)
GVS-391,GVS,Afgerond advies,2017-10-26,Positie in GVS / cluster,n.v.t. (klassebreed / beleidsadvies),Orkambi®: van beoordeling tot vergoeding,Opnemen na prijsonderhandeling,Orkambi®: van beoordeling tot vergoeding,https://www.zorginstituutnederland.nl/documenten/2017/10/26/orkambi-van-beoordeling-tot-vergoeding,Argumenten volledig,Vertex
GVS-392,GVS,Afgerond advies,2018-03-08,Positie in GVS / cluster,n.v.t. (klassebreed / beleidsadvies),Actualisatie Bijlage 2 voorwaarden van de Regeling zorgverzekering (2017 - 2018),Anders,Actualisatie Bijlage 2 voorwaarden van de Regeling zorgverzekering (2017 - 2018),https://www.zorginstituutnederland.nl/documenten/2018/03/08/actualisatie-bijlage-2-voorwaarden-van-de-regeling-zorgverzekering,Argumenten volledig,n.v.t. (verzoek VWS na signalen ZN en KNMP; 'Het Roer Gaat Om')
GVS-393,GVS,Afgerond advies,2021-05-04,Positie in GVS / cluster,n.v.t. (klassebreed / beleidsadvies),Advies clustering van combinatiepreparaten en spookclusters in het GVS (deel 1),Anders,Advies clustering van combinatiepreparaten en spookclusters in het GVS (deel 1),https://www.zorginstituutnederland.nl/documenten/2021/05/04/advies-clustering-van-combinatiepreparaten-en-spookclusters-in-gvs-deel-1,Argumenten volledig,"n.v.t. (uitvoeringstoets op verzoek van VWS, modernisering GVS)"
GVS-394,GVS,Afgerond advies,2022-04-13,Positie in GVS / cluster,n.v.t. (klassebreed / beleidsadvies),Advies clustering van combinatiepreparaten en spookclusters in het GVS (deel 2),Anders,Advies clustering van combinatiepreparaten en spookclusters in het GVS (deel 2),https://www.zorginstituutnederland.nl/documenten/2022/04/13/advies-clustering-van-combinatiepreparaten-en-spookclusters-in-gvs-deel-2,Argumenten volledig,"n.v.t. (uitvoeringstoets, deel 2)"
GVS-395,GVS,Afgerond advies,2022-05-09,Uitstroom / herbeoordeling bestaand middel,n.v.t. (klassebreed / beleidsadvies),Pakketadvies vitamine D,Uitstroom / niet langer vergoeden,Pakketadvies vitamine D,https://www.zorginstituutnederland.nl/documenten/2022/05/09/pakketadvies-vitamine-d,Argumenten volledig,"n.v.t. (klassebreed uitstroomadvies; o.a. Goodlife, Galephar spraken in)"
GVS-396,GVS,Afgerond advies,2022-07-13,Positie in GVS / cluster,n.v.t. (klassebreed / beleidsadvies),Advies clustering van combinatiepreparaten en spookclusters in het GVS (deel 3),Anders,Advies clustering van combinatiepreparaten en spookclusters in het GVS (deel 3),https://www.zorginstituutnederland.nl/documenten/2022/07/13/advies-clustering-van-combinatiepreparaten-en-spookclusters-in-gvs-deel-3,Argumenten volledig,"n.v.t. (uitvoeringstoets, deel 3)"
GVS-397,GVS,Afgerond advies,2023-02-28,Bijlage 2-wijziging,n.v.t. (klassebreed / beleidsadvies),Advies actualisatie bijlage 2-voorwaarden (2023),Anders,Advies actualisatie bijlage 2-voorwaarden (2023),https://www.zorginstituutnederland.nl/documenten/2023/02/28/advies-actualisatie-bijlage-2-voorwaarden,Argumenten volledig,"n.v.t. (verzoek ZN 26-07-2022, onderschreven door KNMP; FMS/NHG voor linaclotide)"
GVS-398,GVS,Afgerond advies,2023-03-01,Positie in GVS / cluster,n.v.t. (klassebreed / beleidsadvies),Advies clustering van combinatiepreparaten en spookclusters in het GVS (deel 4),Anders,Advies clustering van combinatiepreparaten en spookclusters in het GVS (deel 4),https://www.zorginstituutnederland.nl/documenten/2023/03/01/advies-clustering-van-combinatiepreparaten-en-spookclusters-in-gvs-deel-4,Argumenten volledig,"n.v.t. (uitvoeringstoets, deel 4)"
GVS-399,GVS,Afgerond advies,2026-03-12,Uitstroom / herbeoordeling bestaand middel,n.v.t. (klassebreed / beleidsadvies),Advies - allergiemedicijnen zijn alleen verzekerde zorg bij langdurige klachten,Anders,Advies - allergiemedicijnen zijn alleen verzekerde zorg bij langdurige klachten,https://www.zorginstituutnederland.nl/documenten/2026/03/12/gvs-advies-allergiemedicijnen,Argumenten volledig,n.v.t. (klassebreed advies; Bogin/GLN en NHG spraken in)
